"DateTime","Yield (x)","Yield (y)"
"Yield","2015-03-10 01:00:00",-0.886222
"Yield","2015-03-11 01:00:00",-0.936217
"Yield","2015-03-12 01:00:00",-1.002369
"Yield","2015-03-13 01:00:00",-1.088493
"Yield","2015-03-16 01:00:00",-1.043337
"Yield","2015-03-17 01:00:00",-0.960142
"Yield","2015-03-18 01:00:00",-0.96839
"Yield","2015-03-19 01:00:00",-1.110189
"Yield","2015-03-20 01:00:00",-1.115685
"Yield","2015-03-23 01:00:00",-1.178867
"Yield","2015-03-24 01:00:00",-1.11265
"Yield","2015-03-25 01:00:00",-1.045859
"Yield","2015-03-26 01:00:00",-1.150729
"Yield","2015-03-27 01:00:00",-1.147596
"Yield","2015-03-30 00:00:00",-1.092369
"Yield","2015-03-31 00:00:00",-1.019721
"Yield","2015-04-01 00:00:00",-1.076722
"Yield","2015-04-02 00:00:00",-1.136692
"Yield","2015-04-07 00:00:00",-1.08522
"Yield","2015-04-08 00:00:00",-1.136818
"Yield","2015-04-09 00:00:00",-1.145601
"Yield","2015-04-10 00:00:00",-1.15032
"Yield","2015-04-13 00:00:00",-1.158012
"Yield","2015-04-14 00:00:00",-1.195188
"Yield","2015-04-15 00:00:00",-1.229099
"Yield","2015-04-16 00:00:00",-1.292262
"Yield","2015-04-17 00:00:00",-1.27676
"Yield","2015-04-20 00:00:00",-1.30688
"Yield","2015-04-21 00:00:00",-1.307226
"Yield","2015-04-22 00:00:00",-1.269567
"Yield","2015-04-23 00:00:00",-1.165669
"Yield","2015-04-24 00:00:00",-1.180625
"Yield","2015-04-27 00:00:00",-1.168657
"Yield","2015-04-28 00:00:00",-1.159505
"Yield","2015-04-29 00:00:00",-1.116393
"Yield","2015-04-30 00:00:00",-1.047012
"Yield","2015-05-04 00:00:00",-1.017075
"Yield","2015-05-05 00:00:00",-0.955182
"Yield","2015-05-06 00:00:00",-0.836242
"Yield","2015-05-07 00:00:00",-0.581238
"Yield","2015-05-08 00:00:00",-0.706725
"Yield","2015-05-11 00:00:00",-0.683675
"Yield","2015-05-12 00:00:00",-0.608028
"Yield","2015-05-13 00:00:00",-0.725077
"Yield","2015-05-14 00:00:00",-0.600253
"Yield","2015-05-15 00:00:00",-0.704776
"Yield","2015-05-18 00:00:00",-0.679154
"Yield","2015-05-19 00:00:00",-0.763018
"Yield","2015-05-20 00:00:00",-0.725675
"Yield","2015-05-21 00:00:00",-0.6717
"Yield","2015-05-22 00:00:00",-0.659052
"Yield","2015-05-26 00:00:00",-0.651169
"Yield","2015-05-27 00:00:00",-0.643743
"Yield","2015-05-28 00:00:00",-0.589065
"Yield","2015-05-29 00:00:00",-0.685696
"Yield","2015-06-01 00:00:00",-0.72982
"Yield","2015-06-02 00:00:00",-0.648244
"Yield","2015-06-03 00:00:00",-0.45989
"Yield","2015-06-04 00:00:00",-0.258419
"Yield","2015-06-05 00:00:00",-0.342396
"Yield","2015-06-08 00:00:00",-0.362833
"Yield","2015-06-09 00:00:00",-0.359436
"Yield","2015-06-10 00:00:00",-0.356035
"Yield","2015-06-11 00:00:00",-0.332591
"Yield","2015-06-12 00:00:00",-0.391494
"Yield","2015-06-15 00:00:00",-0.49454
"Yield","2015-06-16 00:00:00",-0.509399
"Yield","2015-06-17 00:00:00",-0.493971
"Yield","2015-06-18 00:00:00",-0.538522
"Yield","2015-06-19 00:00:00",-0.522982
"Yield","2015-06-22 00:00:00",-0.481693
"Yield","2015-06-23 00:00:00",-0.467052
"Yield","2015-06-24 00:00:00",-0.483723
"Yield","2015-06-25 00:00:00",-0.511082
"Yield","2015-06-26 00:00:00",-0.506746
"Yield","2015-06-29 00:00:00",-0.533046
"Yield","2015-06-30 00:00:00",-0.511542
"Yield","2015-07-01 00:00:00",-0.503013
"Yield","2015-07-02 00:00:00",-0.44239
"Yield","2015-07-03 00:00:00",-0.516498
"Yield","2015-07-06 00:00:00",-0.560122
"Yield","2015-07-07 00:00:00",-0.562881
"Yield","2015-07-08 00:00:00",-0.594963
"Yield","2015-07-09 00:00:00",-0.547966
"Yield","2015-07-10 00:00:00",-0.458247
"Yield","2015-07-13 00:00:00",-0.350074
"Yield","2015-07-14 00:00:00",-0.410332
"Yield","2015-07-15 00:00:00",-0.402523
"Yield","2015-07-16 00:00:00",-0.437274
"Yield","2015-07-17 00:00:00",-0.498617
"Yield","2015-07-20 00:00:00",-0.52378
"Yield","2015-07-21 00:00:00",-0.514785
"Yield","2015-07-22 00:00:00",-0.493976
"Yield","2015-07-23 00:00:00",-0.506671
"Yield","2015-07-24 00:00:00",-0.506671
"Yield","2015-07-27 00:00:00",-0.519211
"Yield","2015-07-28 00:00:00",-0.423631
"Yield","2015-07-29 00:00:00",-0.473096
"Yield","2015-07-30 00:00:00",-0.505995
"Yield","2015-07-31 00:00:00",-0.533972
"Yield","2015-08-03 00:00:00",-0.549126
"Yield","2015-08-04 00:00:00",-0.539693
"Yield","2015-08-05 00:00:00",-0.492572
"Yield","2015-08-06 00:00:00",-0.461331
"Yield","2015-08-07 00:00:00",-0.442789
"Yield","2015-08-10 00:00:00",-0.472198
"Yield","2015-08-11 00:00:00",-0.443202
"Yield","2015-08-12 00:00:00",-0.416755
"Yield","2015-08-13 00:00:00",-0.408262
"Yield","2015-08-14 00:00:00",-0.390461
"Yield","2015-08-17 00:00:00",-0.440487
"Yield","2015-08-18 00:00:00",-0.450371
"Yield","2015-08-19 00:00:00",-0.437214
"Yield","2015-08-20 00:00:00",-0.416737
"Yield","2015-08-21 00:00:00",-0.418516
"Yield","2015-08-24 00:00:00",-0.335588
"Yield","2015-08-25 00:00:00",-0.344237
"Yield","2015-08-26 00:00:00",-0.31014
"Yield","2015-08-27 00:00:00",-0.234288
"Yield","2015-08-28 00:00:00",-0.302326
"Yield","2015-08-31 00:00:00",-0.335917
"Yield","2015-09-01 00:00:00",-0.353126
"Yield","2015-09-02 00:00:00",-0.303642
"Yield","2015-09-03 00:00:00",-0.310285
"Yield","2015-09-04 00:00:00",-0.392646
"Yield","2015-09-07 00:00:00",-0.379892
"Yield","2015-09-08 00:00:00",-0.34132
"Yield","2015-09-09 00:00:00",-0.35045
"Yield","2015-09-10 00:00:00",-0.332739
"Yield","2015-09-11 00:00:00",-0.364314
"Yield","2015-09-14 00:00:00",-0.391538
"Yield","2015-09-15 00:00:00",-0.389867
"Yield","2015-09-16 00:00:00",-0.304184
"Yield","2015-09-17 00:00:00",-0.289038
"Yield","2015-09-18 00:00:00",-0.394866
"Yield","2015-09-21 00:00:00",-0.386121
"Yield","2015-09-22 00:00:00",-0.450848
"Yield","2015-09-23 00:00:00",-0.489351
"Yield","2015-09-24 00:00:00",-0.509382
"Yield","2015-09-25 00:00:00",-0.452309
"Yield","2015-09-28 00:00:00",-0.440947
"Yield","2015-09-29 00:00:00",-0.397941
"Yield","2015-09-30 00:00:00",-0.424169
"Yield","2015-10-01 00:00:00",-0.39304
"Yield","2015-10-02 00:00:00",-0.473001
"Yield","2015-10-05 00:00:00",-0.497421
"Yield","2015-10-06 00:00:00",-0.480601
"Yield","2015-10-07 00:00:00",-0.460153
"Yield","2015-10-08 00:00:00",-0.562279
"Yield","2015-10-09 00:00:00",-0.545413
"Yield","2015-10-12 00:00:00",-0.523492
"Yield","2015-10-13 00:00:00",-0.559685
"Yield","2015-10-14 00:00:00",-0.550526
"Yield","2015-10-15 00:00:00",-0.562588
"Yield","2015-10-16 00:00:00",-0.57768
"Yield","2015-10-19 00:00:00",-0.591331
"Yield","2015-10-20 00:00:00",-0.583529
"Yield","2015-10-21 00:00:00",-0.547249
"Yield","2015-10-22 00:00:00",-0.544184
"Yield","2015-10-23 00:00:00",-0.679617
"Yield","2015-10-26 01:00:00",-0.693192
"Yield","2015-10-27 01:00:00",-0.696907
"Yield","2015-10-28 01:00:00",-0.723399
"Yield","2015-10-29 01:00:00",-0.735414
"Yield","2015-10-30 01:00:00",-0.668021
"Yield","2015-11-02 01:00:00",-0.625796
"Yield","2015-11-03 01:00:00",-0.602912
"Yield","2015-11-04 01:00:00",-0.636804
"Yield","2015-11-05 01:00:00",-0.600973
"Yield","2015-11-06 01:00:00",-0.598484
"Yield","2015-11-09 01:00:00",-0.484831
"Yield","2015-11-11 01:00:00",-0.597247
"Yield","2015-11-12 01:00:00",-0.608487
"Yield","2015-11-13 01:00:00",-0.609562
"Yield","2015-11-16 01:00:00",-0.60529
"Yield","2015-11-17 01:00:00",-0.616169
"Yield","2015-11-18 01:00:00",-0.651921
"Yield","2015-11-19 01:00:00",-0.6285
"Yield","2015-11-20 01:00:00",-0.649152
"Yield","2015-11-23 01:00:00",-0.614613
"Yield","2015-11-25 01:00:00",-0.684352
"Yield","2015-11-26 01:00:00",-0.683193
"Yield","2015-11-27 01:00:00",-0.754063
"Yield","2015-11-30 01:00:00",-0.737551
"Yield","2015-12-01 01:00:00",-0.796658
"Yield","2015-12-02 01:00:00",-0.78988
"Yield","2015-12-03 01:00:00",-0.717432
"Yield","2015-12-04 01:00:00",-0.525233
"Yield","2015-12-07 01:00:00",-0.476387
"Yield","2015-12-08 01:00:00",-0.512877
"Yield","2015-12-09 01:00:00",-0.555557
"Yield","2015-12-10 01:00:00",-0.52667
"Yield","2015-12-11 01:00:00",-0.553082
"Yield","2015-12-14 01:00:00",-0.48747
"Yield","2015-12-15 01:00:00",-0.452023
"Yield","2015-12-16 01:00:00",-0.464054
"Yield","2015-12-17 01:00:00",-0.472725
"Yield","2015-12-18 01:00:00",-0.438999
"Yield","2015-12-21 01:00:00",-0.46205
"Yield","2015-12-22 01:00:00",-0.458536
"Yield","2015-12-23 01:00:00",-0.406713
"Yield","2015-12-28 01:00:00",-0.403288
"Yield","2015-12-29 01:00:00",-0.41726
"Yield","2015-12-30 01:00:00",-0.383594
"Yield","2016-01-04 01:00:00",-0.433302
"Yield","2016-01-05 01:00:00",-0.436669
"Yield","2016-01-06 01:00:00",-0.428048
"Yield","2016-01-07 01:00:00",-0.377061
"Yield","2016-01-08 01:00:00",-0.434609
"Yield","2016-01-11 01:00:00",-0.418114
"Yield","2016-01-12 01:00:00",-0.328965
"Yield","2016-01-13 01:00:00",-0.417462
"Yield","2016-01-14 01:00:00",-0.427133
"Yield","2016-01-15 01:00:00",-0.409666
"Yield","2016-01-18 01:00:00",-0.400518
"Yield","2016-01-19 01:00:00",-0.42292
"Yield","2016-01-20 01:00:00",-0.4499
"Yield","2016-01-21 01:00:00",-0.414193
"Yield","2016-01-22 01:00:00",-0.486492
"Yield","2016-01-25 01:00:00",-0.474658
"Yield","2016-01-26 01:00:00",-0.451702
"Yield","2016-01-27 01:00:00",-0.499859
"Yield","2016-01-28 01:00:00",-0.520588
"Yield","2016-01-29 01:00:00",-0.594025
"Yield","2016-02-01 01:00:00",-0.585994
"Yield","2016-02-02 01:00:00",-0.578866
"Yield","2016-02-03 01:00:00",-0.568982
"Yield","2016-02-04 01:00:00",-0.561266
"Yield","2016-02-05 01:00:00",-0.588005
"Yield","2016-02-08 01:00:00",-0.65926
"Yield","2016-02-09 01:00:00",-0.613956
"Yield","2016-02-10 01:00:00",-0.580313
"Yield","2016-02-11 01:00:00",-0.632056
"Yield","2016-02-12 01:00:00",-0.599363
"Yield","2016-02-15 01:00:00",-0.59039
"Yield","2016-02-16 01:00:00",-0.628079
"Yield","2016-02-17 01:00:00",-0.596258
"Yield","2016-02-18 01:00:00",-0.586722
"Yield","2016-02-19 01:00:00",-0.629965
"Yield","2016-02-22 01:00:00",-0.614605
"Yield","2016-02-23 01:00:00",-0.642235
"Yield","2016-02-24 01:00:00",-0.624146
"Yield","2016-02-25 01:00:00",-0.618312
"Yield","2016-02-26 01:00:00",-0.572538
"Yield","2016-02-29 01:00:00",-0.620531
"Yield","2016-03-01 01:00:00",-0.574743
"Yield","2016-03-02 01:00:00",-0.520345
"Yield","2016-03-03 01:00:00",-0.595749
"Yield","2016-03-04 01:00:00",-0.653781
"Yield","2016-03-07 01:00:00",-0.647572
"Yield","2016-03-08 01:00:00",-0.688915
"Yield","2016-03-09 01:00:00",-0.677257
"Yield","2016-03-10 01:00:00",-0.649494
"Yield","2016-03-11 01:00:00",-0.640516
"Yield","2016-03-14 01:00:00",-0.678302
"Yield","2016-03-15 01:00:00",-0.603435
"Yield","2016-03-16 01:00:00",-0.56635
"Yield","2016-03-17 01:00:00",-0.667432
"Yield","2016-03-18 01:00:00",-0.725258
"Yield","2016-03-21 01:00:00",-0.751886
"Yield","2016-03-22 01:00:00",-0.728438
"Yield","2016-03-23 01:00:00",-0.734119
"Yield","2016-03-24 01:00:00",-0.758958
"Yield","2016-03-29 00:00:00",-0.782836
"Yield","2016-03-30 00:00:00",-0.786707
"Yield","2016-03-31 00:00:00",-0.78288
"Yield","2016-04-01 00:00:00",-0.7913
"Yield","2016-04-04 00:00:00",-0.81333
"Yield","2016-04-05 00:00:00",-0.866031
"Yield","2016-04-06 00:00:00",-0.864759
"Yield","2016-04-07 00:00:00",-0.886734
"Yield","2016-04-08 00:00:00",-0.921354
"Yield","2016-04-11 00:00:00",-0.922528
"Yield","2016-04-12 00:00:00",-0.866506
"Yield","2016-04-13 00:00:00",-0.85501
"Yield","2016-04-14 00:00:00",-0.845366
"Yield","2016-04-15 00:00:00",-0.870984
"Yield","2016-04-18 00:00:00",-0.864912
"Yield","2016-04-19 00:00:00",-0.857292
"Yield","2016-04-20 00:00:00",-0.874491
"Yield","2016-04-21 00:00:00",-0.839895
"Yield","2016-04-22 00:00:00",-0.791819
"Yield","2016-04-25 00:00:00",-0.823105
"Yield","2016-04-26 00:00:00",-0.794134
"Yield","2016-04-27 00:00:00",-0.761381
"Yield","2016-04-28 00:00:00",-0.825276
"Yield","2016-04-29 00:00:00",-0.828266
"Yield","2016-05-02 00:00:00",-0.835819
"Yield","2016-05-03 00:00:00",-0.821465
"Yield","2016-05-04 00:00:00",-0.854381
"Yield","2016-05-05 00:00:00",-0.853522
"Yield","2016-05-06 00:00:00",-0.891095
"Yield","2016-05-09 00:00:00",-0.898631
"Yield","2016-05-10 00:00:00",-0.917951
"Yield","2016-05-11 00:00:00",-0.931814
"Yield","2016-05-12 00:00:00",-0.919972
"Yield","2016-05-13 00:00:00",-0.918436
"Yield","2016-05-17 00:00:00",-0.915361
"Yield","2016-05-18 00:00:00",-0.887888
"Yield","2016-05-19 00:00:00",-0.84161
"Yield","2016-05-20 00:00:00",-0.84416
"Yield","2016-05-23 00:00:00",-0.866401
"Yield","2016-05-24 00:00:00",-0.846513
"Yield","2016-05-25 00:00:00",-0.8509
"Yield","2016-05-26 00:00:00",-0.856087
"Yield","2016-05-27 00:00:00",-0.871658
"Yield","2016-05-30 00:00:00",-0.811717
"Yield","2016-05-31 00:00:00",-0.804585
"Yield","2016-06-01 00:00:00",-0.831576
"Yield","2016-06-02 00:00:00",-0.789855
"Yield","2016-06-03 00:00:00",-0.830758
"Yield","2016-06-06 00:00:00",-0.819941
"Yield","2016-06-07 00:00:00",-0.803554
"Yield","2016-06-08 00:00:00",-0.83614
"Yield","2016-06-09 00:00:00",-0.837837
"Yield","2016-06-10 00:00:00",-0.809432
"Yield","2016-06-13 00:00:00",-0.811535
"Yield","2016-06-14 00:00:00",-0.839538
"Yield","2016-06-15 00:00:00",-0.819912
"Yield","2016-06-16 00:00:00",-0.841501
"Yield","2016-06-17 00:00:00",-0.824173
"Yield","2016-06-20 00:00:00",-0.809587
"Yield","2016-06-22 00:00:00",-0.804051
"Yield","2016-06-23 00:00:00",-0.777319
"Yield","2016-06-24 00:00:00",-0.904078
"Yield","2016-06-27 00:00:00",-0.893762
"Yield","2016-06-28 00:00:00",-0.872342
"Yield","2016-06-29 00:00:00",-0.925618
"Yield","2016-06-30 00:00:00",-0.944852
"Yield","2016-07-01 00:00:00",-0.969905
"Yield","2016-07-04 00:00:00",-0.944513
"Yield","2016-07-05 00:00:00",-0.924563
"Yield","2016-07-06 00:00:00",-0.942335
"Yield","2016-07-08 00:00:00",-0.898277
"Yield","2016-07-11 00:00:00",-0.920736
"Yield","2016-07-12 00:00:00",-0.900684
"Yield","2016-07-13 00:00:00",-0.881503
"Yield","2016-07-14 00:00:00",-0.905503
"Yield","2016-07-15 00:00:00",-0.911339
"Yield","2016-07-18 00:00:00",-0.928273
"Yield","2016-07-19 00:00:00",-0.92856
"Yield","2016-07-20 00:00:00",-0.916816
"Yield","2016-07-21 00:00:00",-0.84696
"Yield","2016-07-22 00:00:00",-0.859361
"Yield","2016-07-25 00:00:00",-0.857762
"Yield","2016-07-26 00:00:00",-0.893441
"Yield","2016-07-27 00:00:00",-0.942896
"Yield","2016-07-28 00:00:00",-0.989043
"Yield","2016-07-29 00:00:00",-0.960538
"Yield","2016-08-01 00:00:00",-0.99039
"Yield","2016-08-02 00:00:00",-0.932588
"Yield","2016-08-03 00:00:00",-0.91429
"Yield","2016-08-04 00:00:00",-0.898367
"Yield","2016-08-05 00:00:00",-0.966324
"Yield","2016-08-08 00:00:00",-0.94083
"Yield","2016-08-09 00:00:00",-0.969886
"Yield","2016-08-10 00:00:00",-1.008104
"Yield","2016-08-11 00:00:00",-1.014577
"Yield","2016-08-12 00:00:00",-1.029653
"Yield","2016-08-15 00:00:00",-1.052997
"Yield","2016-08-16 00:00:00",-1.017364
"Yield","2016-08-17 00:00:00",-0.98018
"Yield","2016-08-18 00:00:00",-0.980626
"Yield","2016-08-19 00:00:00",-0.992997
"Yield","2016-08-22 00:00:00",-0.952388
"Yield","2016-08-23 00:00:00",-0.97968
"Yield","2016-08-24 00:00:00",-0.988348
"Yield","2016-08-25 00:00:00",-0.975311
"Yield","2016-08-26 00:00:00",-0.978408
"Yield","2016-08-29 00:00:00",-0.982436
"Yield","2016-08-30 00:00:00",-1.005994
"Yield","2016-08-31 00:00:00",-1.006306
"Yield","2016-09-01 00:00:00",-0.942852
"Yield","2016-09-02 00:00:00",-0.973073
"Yield","2016-09-05 00:00:00",-0.968051
"Yield","2016-09-06 00:00:00",-0.988148
"Yield","2016-09-07 00:00:00",-1.035455
"Yield","2016-09-08 00:00:00",-1.092002
"Yield","2016-09-09 00:00:00",-1.000423
"Yield","2016-09-12 00:00:00",-0.95114
"Yield","2016-09-13 00:00:00",-1.001979
"Yield","2016-09-14 00:00:00",-0.941403
"Yield","2016-09-15 00:00:00",-0.940407
"Yield","2016-09-16 00:00:00",-0.993253
"Yield","2016-09-19 00:00:00",-0.969194
"Yield","2016-09-20 00:00:00",-1.012581
"Yield","2016-09-21 00:00:00",-1.024107
"Yield","2016-09-22 00:00:00",-1.080961
"Yield","2016-09-23 00:00:00",-1.116536
"Yield","2016-09-26 00:00:00",-1.11827
"Yield","2016-09-27 00:00:00",-1.130647
"Yield","2016-09-28 00:00:00",-1.103666
"Yield","2016-09-29 00:00:00",-1.1251
"Yield","2016-09-30 00:00:00",-1.179051
"Yield","2016-10-04 00:00:00",-1.133562
"Yield","2016-10-05 00:00:00",-1.094903
"Yield","2016-10-06 00:00:00",-1.100581
"Yield","2016-10-07 00:00:00",-1.032691
"Yield","2016-10-10 00:00:00",-1.027382
"Yield","2016-10-11 00:00:00",-1.033337
"Yield","2016-10-12 00:00:00",-1.023327
"Yield","2016-10-13 00:00:00",-1.002628
"Yield","2016-10-14 00:00:00",-0.985007
"Yield","2016-10-17 00:00:00",-1.006089
"Yield","2016-10-18 00:00:00",-1.023371
"Yield","2016-10-19 00:00:00",-1.109025
"Yield","2016-10-20 00:00:00",-1.101651
"Yield","2016-10-21 00:00:00",-1.121617
"Yield","2016-10-24 00:00:00",-1.143419
"Yield","2016-10-25 00:00:00",-1.125119
"Yield","2016-10-26 00:00:00",-1.071143
"Yield","2016-10-27 00:00:00",-0.978615
"Yield","2016-10-28 00:00:00",-0.973224
"Yield","2016-10-31 01:00:00",-0.982084
"Yield","2016-11-01 01:00:00",-0.947179
"Yield","2016-11-02 01:00:00",-0.957966
"Yield","2016-11-03 01:00:00",-0.88805
"Yield","2016-11-04 01:00:00",-0.910411
"Yield","2016-11-07 01:00:00",-0.925077
"Yield","2016-11-08 01:00:00",-0.933032
"Yield","2016-11-09 01:00:00",-0.930456
"Yield","2016-11-10 01:00:00",-0.859189
"Yield","2016-11-11 01:00:00",-0.854634
"Yield","2016-11-14 01:00:00",-0.817129
"Yield","2016-11-15 01:00:00",-0.884154
"Yield","2016-11-16 01:00:00",-0.813773
"Yield","2016-11-18 01:00:00",-0.855112
"Yield","2016-11-21 01:00:00",-0.884894
"Yield","2016-11-22 01:00:00",-0.957369
"Yield","2016-11-23 01:00:00",-0.959593
"Yield","2016-11-24 01:00:00",-0.95408
"Yield","2016-11-25 01:00:00",-0.955346
"Yield","2016-11-28 01:00:00",-0.940938
"Yield","2016-11-29 01:00:00",-0.965276
"Yield","2016-11-30 01:00:00",-0.955974
"Yield","2016-12-01 01:00:00",-0.90672
"Yield","2016-12-02 01:00:00",-0.895392
"Yield","2016-12-05 01:00:00",-0.926643
"Yield","2016-12-06 01:00:00",-0.93853
"Yield","2016-12-07 01:00:00",-0.94848
"Yield","2016-12-08 01:00:00",-0.87867
"Yield","2016-12-09 01:00:00",-0.902756
"Yield","2016-12-12 01:00:00",-0.907899
"Yield","2016-12-13 01:00:00",-0.941611
"Yield","2016-12-14 01:00:00",-0.945782
"Yield","2016-12-15 01:00:00",-0.922472
"Yield","2016-12-16 01:00:00",-0.947968
"Yield","2016-12-19 01:00:00",-0.93083
"Yield","2016-12-20 01:00:00",-1.020939
"Yield","2016-12-21 01:00:00",-1.065392
"Yield","2016-12-22 01:00:00",-1.038924
"Yield","2016-12-23 01:00:00",-1.071882
"Yield","2016-12-27 01:00:00",-1.081802
"Yield","2016-12-28 01:00:00",-1.121328
"Yield","2016-12-29 01:00:00",-1.164305
"Yield","2016-12-30 01:00:00",-1.137066
"Yield","2017-01-02 01:00:00",-1.195425
"Yield","2017-01-03 01:00:00",-1.132064
"Yield","2017-01-04 01:00:00",-1.145305
"Yield","2017-01-05 01:00:00",-1.100961
"Yield","2017-01-06 01:00:00",-1.125261
"Yield","2017-01-09 01:00:00",-1.069472
"Yield","2017-01-10 01:00:00",-1.067407
"Yield","2017-01-11 01:00:00",-1.073046
"Yield","2017-01-12 01:00:00",-1.117829
"Yield","2017-01-13 01:00:00",-1.105702
"Yield","2017-01-16 01:00:00",-1.091628
"Yield","2017-01-17 01:00:00",-1.121781
"Yield","2017-01-18 01:00:00",-1.095217
"Yield","2017-01-19 01:00:00",-1.057646
"Yield","2017-01-20 01:00:00",-1.025509
"Yield","2017-01-23 01:00:00",-1.07767
"Yield","2017-01-24 01:00:00",-1.082848
"Yield","2017-01-25 01:00:00",-1.049317
"Yield","2017-01-26 01:00:00",-0.989974
"Yield","2017-01-27 01:00:00",-1.033182
"Yield","2017-01-30 01:00:00",-1.049069
"Yield","2017-01-31 01:00:00",-1.063
"Yield","2017-02-01 01:00:00",-1.044887
"Yield","2017-02-02 01:00:00",-1.039086
"Yield","2017-02-03 01:00:00",-1.050911
"Yield","2017-02-06 01:00:00",-1.052419
"Yield","2017-02-07 01:00:00",-1.095498
"Yield","2017-02-08 01:00:00",-1.123442
"Yield","2017-02-09 01:00:00",-1.133716
"Yield","2017-02-10 01:00:00",-1.123245
"Yield","2017-02-13 01:00:00",-1.130867
"Yield","2017-02-14 01:00:00",-1.137714
"Yield","2017-02-15 01:00:00",-1.087639
"Yield","2017-02-16 01:00:00",-1.108144
"Yield","2017-02-17 01:00:00",-1.180148
"Yield","2017-02-20 01:00:00",-1.12343
"Yield","2017-02-21 01:00:00",-1.104356
"Yield","2017-02-22 01:00:00",-1.172594
"Yield","2017-02-23 01:00:00",-1.120386
"Yield","2017-02-24 01:00:00",-1.186966
"Yield","2017-02-27 01:00:00",-1.183191
"Yield","2017-02-28 01:00:00",-1.155483
"Yield","2017-03-01 01:00:00",-1.114045
"Yield","2017-03-02 01:00:00",-1.1083
"Yield","2017-03-03 01:00:00",-1.092049
"Yield","2017-03-06 01:00:00",-1.055162
"Yield","2017-03-07 01:00:00",-1.030919
"Yield","2017-03-08 01:00:00",-1.041102
"Yield","2017-03-09 01:00:00",-1.037198
"Yield","2017-03-10 01:00:00",-0.971771
"Yield","2017-03-13 01:00:00",-0.976557
"Yield","2017-03-14 01:00:00",-0.955021
"Yield","2017-03-15 01:00:00",-0.987122
"Yield","2017-03-16 01:00:00",-0.972204
"Yield","2017-03-17 01:00:00",-0.975508
"Yield","2017-03-20 01:00:00",-0.980801
"Yield","2017-03-21 01:00:00",-0.942271
"Yield","2017-03-22 01:00:00",-0.964526
"Yield","2017-03-23 01:00:00",-0.955506
"Yield","2017-03-24 01:00:00",-0.980754
"Yield","2017-03-27 00:00:00",-0.998
"Yield","2017-03-28 00:00:00",-1.002308
"Yield","2017-03-29 00:00:00",-0.991691
"Yield","2017-03-30 00:00:00",-1.002637
"Yield","2017-03-31 00:00:00",-0.99998
"Yield","2017-04-03 00:00:00",-1.020223
"Yield","2017-04-04 00:00:00",-1.065231
"Yield","2017-04-05 00:00:00",-1.065582
"Yield","2017-04-06 00:00:00",-1.065643
"Yield","2017-04-07 00:00:00",-1.106583
"Yield","2017-04-10 00:00:00",-1.116824
"Yield","2017-04-11 00:00:00",-1.125088
"Yield","2017-04-12 00:00:00",-1.087325
"Yield","2017-04-13 00:00:00",-1.139161
"Yield","2017-04-18 00:00:00",-1.12273
"Yield","2017-04-19 00:00:00",-1.128045
"Yield","2017-04-20 00:00:00",-1.042648
"Yield","2017-04-21 00:00:00",-1.059962
"Yield","2017-04-24 00:00:00",-1.003286
"Yield","2017-04-25 00:00:00",-0.967422
"Yield","2017-04-26 00:00:00",-0.96321
"Yield","2017-04-27 00:00:00",-0.998252
"Yield","2017-04-28 00:00:00",-1.014671
"Yield","2017-05-02 00:00:00",-1.029568
"Yield","2017-05-03 00:00:00",-1.056473
"Yield","2017-05-04 00:00:00",-1.018373
"Yield","2017-05-05 00:00:00",-0.98091
"Yield","2017-05-08 00:00:00",-0.941252
"Yield","2017-05-09 00:00:00",-0.872333
"Yield","2017-05-10 00:00:00",-0.921565
"Yield","2017-05-11 00:00:00",-0.946391
"Yield","2017-05-12 00:00:00",-0.932986
"Yield","2017-05-15 00:00:00",-0.926175
"Yield","2017-05-16 00:00:00",-0.890774
"Yield","2017-05-17 00:00:00",-0.896188
"Yield","2017-05-18 00:00:00",-0.959303
"Yield","2017-05-19 00:00:00",-0.913761
"Yield","2017-05-22 00:00:00",-0.915092
"Yield","2017-05-23 00:00:00",-0.892891
"Yield","2017-05-24 00:00:00",-0.911622
"Yield","2017-05-25 00:00:00",-0.934025
"Yield","2017-05-26 00:00:00",-0.927185
"Yield","2017-05-29 00:00:00",-0.943341
"Yield","2017-05-30 00:00:00",-0.970187
"Yield","2017-05-31 00:00:00",-0.956746
"Yield","2017-06-01 00:00:00",-0.913694
"Yield","2017-06-02 00:00:00",-0.930412
"Yield","2017-06-06 00:00:00",-0.983198
"Yield","2017-06-07 00:00:00",-0.98965
"Yield","2017-06-08 00:00:00",-0.939493
"Yield","2017-06-09 00:00:00",-0.950068
"Yield","2017-06-12 00:00:00",-0.937051
"Yield","2017-06-13 00:00:00",-0.93737
"Yield","2017-06-14 00:00:00",-0.956677
"Yield","2017-06-15 00:00:00",-0.894331
"Yield","2017-06-16 00:00:00",-0.847518
"Yield","2017-06-19 00:00:00",-0.885637
"Yield","2017-06-20 00:00:00",-0.885941
"Yield","2017-06-21 00:00:00",-0.87278
"Yield","2017-06-22 00:00:00",-0.83314
"Yield","2017-06-23 00:00:00",-0.879167
"Yield","2017-06-26 00:00:00",-0.908788
"Yield","2017-06-27 00:00:00",-0.882366
"Yield","2017-06-28 00:00:00",-0.777822
"Yield","2017-06-29 00:00:00",-0.761829
"Yield","2017-06-30 00:00:00",-0.804599
"Yield","2017-07-03 00:00:00",-0.755311
"Yield","2017-07-04 00:00:00",-0.769256
"Yield","2017-07-05 00:00:00",-0.742875
"Yield","2017-07-06 00:00:00",-0.697101
"Yield","2017-07-07 00:00:00",-0.675046
"Yield","2017-07-10 00:00:00",-0.71562
"Yield","2017-07-11 00:00:00",-0.710574
"Yield","2017-07-12 00:00:00",-0.742592
"Yield","2017-07-13 00:00:00",-0.782456
"Yield","2017-07-14 00:00:00",-0.74893
"Yield","2017-07-17 00:00:00",-0.718987
"Yield","2017-07-18 00:00:00",-0.743104
"Yield","2017-07-19 00:00:00",-0.776162
"Yield","2017-07-20 00:00:00",-0.758992
"Yield","2017-07-21 00:00:00",-0.798382
"Yield","2017-07-24 00:00:00",-0.800773
"Yield","2017-07-25 00:00:00",-0.791547
"Yield","2017-07-26 00:00:00",-0.795524
"Yield","2017-07-27 00:00:00",-0.815911
"Yield","2017-07-28 00:00:00",-0.789762
"Yield","2017-07-31 00:00:00",-0.837588
"Yield","2017-08-01 00:00:00",-0.855791
"Yield","2017-08-02 00:00:00",-0.88028
"Yield","2017-08-03 00:00:00",-0.88225
"Yield","2017-08-04 00:00:00",-0.913011
"Yield","2017-08-07 00:00:00",-0.888123
"Yield","2017-08-08 00:00:00",-0.922035
"Yield","2017-08-09 00:00:00",-0.934931
"Yield","2017-08-10 00:00:00",-0.946382
"Yield","2017-08-11 00:00:00",-0.977568
"Yield","2017-08-14 00:00:00",-0.932355
"Yield","2017-08-15 00:00:00",-0.943171
"Yield","2017-08-16 00:00:00",-0.889857
"Yield","2017-08-17 00:00:00",-0.929769
"Yield","2017-08-18 00:00:00",-0.983598
"Yield","2017-08-21 00:00:00",-0.984985
"Yield","2017-08-22 00:00:00",-0.975899
"Yield","2017-08-23 00:00:00",-0.960501
"Yield","2017-08-24 00:00:00",-1.000832
"Yield","2017-08-25 00:00:00",-0.974441
"Yield","2017-08-28 00:00:00",-0.984227
"Yield","2017-08-29 00:00:00",-1.042133
"Yield","2017-08-30 00:00:00",-1.041449
"Yield","2017-08-31 00:00:00",-1.021603
"Yield","2017-09-01 00:00:00",-1.029287
"Yield","2017-09-04 00:00:00",-1.036971
"Yield","2017-09-05 00:00:00",-1.029999
"Yield","2017-09-06 00:00:00",-1.054428
"Yield","2017-09-07 00:00:00",-1.040861
"Yield","2017-09-08 00:00:00",-1.071574
"Yield","2017-09-11 00:00:00",-1.061485
"Yield","2017-09-12 00:00:00",-1.030399
"Yield","2017-09-13 00:00:00",-1.026554
"Yield","2017-09-14 00:00:00",-1.029727
"Yield","2017-09-15 00:00:00",-0.987924
"Yield","2017-09-18 00:00:00",-0.976112
"Yield","2017-09-19 00:00:00",-0.97169
"Yield","2017-09-20 00:00:00",-0.984729
"Yield","2017-09-21 00:00:00",-0.955016
"Yield","2017-09-22 00:00:00",-0.97127
"Yield","2017-09-25 00:00:00",-1.028735
"Yield","2017-09-26 00:00:00",-1.036478
"Yield","2017-09-27 00:00:00",-0.98502
"Yield","2017-09-28 00:00:00",-0.983933
"Yield","2017-09-29 00:00:00",-1.030888
"Yield","2017-10-02 00:00:00",-1.009021
"Yield","2017-10-04 00:00:00",-1.02456
"Yield","2017-10-05 00:00:00",-1.01291
"Yield","2017-10-06 00:00:00",-1.004771
"Yield","2017-10-09 00:00:00",-1.026352
"Yield","2017-10-10 00:00:00",-1.032014
"Yield","2017-10-11 00:00:00",-1.017517
"Yield","2017-10-12 00:00:00",-1.03346
"Yield","2017-10-13 00:00:00",-1.043374
"Yield","2017-10-16 00:00:00",-1.082932
"Yield","2017-10-17 00:00:00",-1.111827
"Yield","2017-10-18 00:00:00",-1.082631
"Yield","2017-10-19 00:00:00",-1.060441
"Yield","2017-10-20 00:00:00",-1.02678
"Yield","2017-10-23 00:00:00",-1.029272
"Yield","2017-10-24 00:00:00",-1.009366
"Yield","2017-10-25 00:00:00",-0.997966
"Yield","2017-10-26 00:00:00",-1.020407
"Yield","2017-10-27 00:00:00",-1.075118
"Yield","2017-10-30 01:00:00",-1.100983
"Yield","2017-11-01 01:00:00",-1.099631
"Yield","2017-11-02 01:00:00",-1.068861
"Yield","2017-11-03 01:00:00",-1.096921
"Yield","2017-11-06 01:00:00",-1.122805
"Yield","2017-11-07 01:00:00",-1.125321
"Yield","2017-11-08 01:00:00",-1.157515
"Yield","2017-11-09 01:00:00",-1.156611
"Yield","2017-11-10 01:00:00",-1.123042
"Yield","2017-11-13 01:00:00",-1.122373
"Yield","2017-11-14 01:00:00",-1.098262
"Yield","2017-11-15 01:00:00",-1.128482
"Yield","2017-11-16 01:00:00",-1.092331
"Yield","2017-11-17 01:00:00",-1.09806
"Yield","2017-11-20 01:00:00",-1.119804
"Yield","2017-11-21 01:00:00",-1.134062
"Yield","2017-11-22 01:00:00",-1.079951
"Yield","2017-11-23 01:00:00",-1.114296
"Yield","2017-11-24 01:00:00",-1.092204
"Yield","2017-11-27 01:00:00",-1.111872
"Yield","2017-11-28 01:00:00",-1.128312
"Yield","2017-11-29 01:00:00",-1.113729
"Yield","2017-11-30 01:00:00",-1.111694
"Yield","2017-12-01 01:00:00",-1.133516
"Yield","2017-12-04 01:00:00",-1.147827
"Yield","2017-12-05 01:00:00",-1.162128
"Yield","2017-12-06 01:00:00",-1.182822
"Yield","2017-12-07 01:00:00",-1.185141
"Yield","2017-12-08 01:00:00",-1.175944
"Yield","2017-12-11 01:00:00",-1.195586
"Yield","2017-12-12 01:00:00",-1.1896
"Yield","2017-12-13 01:00:00",-1.169698
"Yield","2017-12-14 01:00:00",-1.187001
"Yield","2017-12-15 01:00:00",-1.213078
"Yield","2017-12-18 01:00:00",-1.21137
"Yield","2017-12-19 01:00:00",-1.217139
"Yield","2017-12-20 01:00:00",-1.14251
"Yield","2017-12-21 01:00:00",-1.090513
"Yield","2017-12-22 01:00:00",-1.096319
"Yield","2017-12-27 01:00:00",-1.109704
"Yield","2017-12-28 01:00:00",-1.106954
"Yield","2017-12-29 01:00:00",-1.087814
"Yield","2018-01-02 01:00:00",-1.084942
"Yield","2018-01-03 01:00:00",-1.090766
"Yield","2018-01-04 01:00:00",-1.084321
"Yield","2018-01-05 01:00:00",-1.080353
"Yield","2018-01-08 01:00:00",-1.070928
"Yield","2018-01-09 01:00:00",-1.074586
"Yield","2018-01-10 01:00:00",-1.064055
"Yield","2018-01-11 01:00:00",-1.071762
"Yield","2018-01-12 01:00:00",-1.010761
"Yield","2018-01-15 01:00:00",-1.02761
"Yield","2018-01-16 01:00:00",-1.044444
"Yield","2018-01-17 01:00:00",-1.052497
"Yield","2018-01-18 01:00:00",-1.007451
"Yield","2018-01-19 01:00:00",-1.005611
"Yield","2018-01-22 01:00:00",-0.997148
"Yield","2018-01-23 01:00:00",-1.015165
"Yield","2018-01-24 01:00:00",-0.993454
"Yield","2018-01-25 01:00:00",-0.996751
"Yield","2018-01-26 01:00:00",-0.941655
"Yield","2018-01-29 01:00:00",-0.875049
"Yield","2018-01-30 01:00:00",-0.86641
"Yield","2018-01-31 01:00:00",-0.877935
"Yield","2018-02-01 01:00:00",-0.839603
"Yield","2018-02-02 01:00:00",-0.823021
"Yield","2018-02-05 01:00:00",-0.834597
"Yield","2018-02-06 01:00:00",-0.885491
"Yield","2018-02-07 01:00:00",-0.880208
"Yield","2018-02-08 01:00:00",-0.836151
"Yield","2018-02-09 01:00:00",-0.81952
"Yield","2018-02-12 01:00:00",-0.793788
"Yield","2018-02-13 01:00:00",-0.829177
"Yield","2018-02-14 01:00:00",-0.828356
"Yield","2018-02-15 01:00:00",-0.798683
"Yield","2018-02-16 01:00:00",-0.830726
"Yield","2018-02-19 01:00:00",-0.821974
"Yield","2018-02-20 01:00:00",-0.813208
"Yield","2018-02-21 01:00:00",-0.833924
"Yield","2018-02-22 01:00:00",-0.823514
"Yield","2018-02-23 01:00:00",-0.866891
"Yield","2018-02-26 01:00:00",-0.875132
"Yield","2018-02-27 01:00:00",-0.867538
"Yield","2018-02-28 01:00:00",-0.859933
"Yield","2018-03-01 01:00:00",-0.902783
"Yield","2018-03-02 01:00:00",-0.911028
"Yield","2018-03-05 01:00:00",-0.886482
"Yield","2018-03-06 01:00:00",-0.855049
"Yield","2018-03-07 01:00:00",-0.872403
"Yield","2018-03-08 01:00:00",-0.868838
"Yield","2018-03-09 01:00:00",-0.885065
"Yield","2018-03-12 01:00:00",-0.902413
"Yield","2018-03-13 01:00:00",-0.914084
"Yield","2018-03-14 01:00:00",-0.92009
"Yield","2018-03-15 01:00:00",-0.943771
"Yield","2018-03-16 01:00:00",-0.961086
"Yield","2018-03-19 01:00:00",-0.970482
"Yield","2018-03-20 01:00:00",-0.950486
"Yield","2018-03-21 01:00:00",-0.967812
"Yield","2018-03-22 01:00:00",-1.025332
"Yield","2018-03-23 01:00:00",-1.042593
"Yield","2018-03-26 00:00:00",-1.054221
"Yield","2018-03-27 00:00:00",-1.082678
"Yield","2018-03-28 00:00:00",-1.112719
"Yield","2018-03-29 00:00:00",-1.096306
"Yield","2018-04-03 00:00:00",-1.119143
"Yield","2018-04-04 00:00:00",-1.130757
"Yield","2018-04-05 00:00:00",-1.087083
"Yield","2018-04-06 00:00:00",-1.098737
"Yield","2018-04-09 00:00:00",-1.111511
"Yield","2018-04-10 00:00:00",-1.107424
"Yield","2018-04-11 00:00:00",-1.121325
"Yield","2018-04-12 00:00:00",-1.129314
"Yield","2018-04-13 00:00:00",-1.104966
"Yield","2018-04-16 00:00:00",-1.091838
"Yield","2018-04-17 00:00:00",-1.109166
"Yield","2018-04-18 00:00:00",-1.127606
"Yield","2018-04-19 00:00:00",-1.092733
"Yield","2018-04-20 00:00:00",-1.055748
"Yield","2018-04-23 00:00:00",-1.025445
"Yield","2018-04-24 00:00:00",-1.042898
"Yield","2018-04-25 00:00:00",-1.031906
"Yield","2018-04-26 00:00:00",-1.055837
"Yield","2018-04-27 00:00:00",-1.085045
"Yield","2018-04-30 00:00:00",-1.07636
"Yield","2018-05-02 00:00:00",-1.068799
"Yield","2018-05-03 00:00:00",-1.090481
"Yield","2018-05-04 00:00:00",-1.104527
"Yield","2018-05-07 00:00:00",-1.102666
"Yield","2018-05-08 00:00:00",-1.104214
"Yield","2018-05-09 00:00:00",-1.076159
"Yield","2018-05-10 00:00:00",-1.092194
"Yield","2018-05-11 00:00:00",-1.097162
"Yield","2018-05-14 00:00:00",-1.045005
"Yield","2018-05-15 00:00:00",-1.039667
"Yield","2018-05-16 00:00:00",-1.04579
"Yield","2018-05-17 00:00:00",-1.029746
"Yield","2018-05-18 00:00:00",-1.03588
"Yield","2018-05-22 00:00:00",-1.082558
"Yield","2018-05-23 00:00:00",-1.122983
"Yield","2018-05-24 00:00:00",-1.112814
"Yield","2018-05-25 00:00:00",-1.153203
"Yield","2018-05-28 00:00:00",-1.18097
"Yield","2018-05-29 00:00:00",-1.29463
"Yield","2018-05-30 00:00:00",-1.239758
"Yield","2018-05-31 00:00:00",-1.19229
"Yield","2018-06-01 00:00:00",-1.212082
"Yield","2018-06-04 00:00:00",-1.209122
"Yield","2018-06-05 00:00:00",-1.207297
"Yield","2018-06-06 00:00:00",-1.178101
"Yield","2018-06-07 00:00:00",-1.094526
"Yield","2018-06-08 00:00:00",-1.195864
"Yield","2018-06-11 00:00:00",-1.155121
"Yield","2018-06-12 00:00:00",-1.117649
"Yield","2018-06-13 00:00:00",-1.144512
"Yield","2018-06-14 00:00:00",-1.111269
"Yield","2018-06-15 00:00:00",-1.21159
"Yield","2018-06-18 00:00:00",-1.208614
"Yield","2018-06-19 00:00:00",-1.231931
"Yield","2018-06-20 00:00:00",-1.220963
"Yield","2018-06-21 00:00:00",-1.239497
"Yield","2018-06-22 00:00:00",-1.251391
"Yield","2018-06-25 00:00:00",-1.274689
"Yield","2018-06-26 00:00:00",-1.258044
"Yield","2018-06-27 00:00:00",-1.273363
"Yield","2018-06-28 00:00:00",-1.282791
"Yield","2018-06-29 00:00:00",-1.254684
"Yield","2018-07-02 00:00:00",-1.295174
"Yield","2018-07-03 00:00:00",-1.288807
"Yield","2018-07-04 00:00:00",-1.301855
"Yield","2018-07-05 00:00:00",-1.266696
"Yield","2018-07-06 00:00:00",-1.299239
"Yield","2018-07-09 00:00:00",-1.290572
"Yield","2018-07-10 00:00:00",-1.292202
"Yield","2018-07-11 00:00:00",-1.29956
"Yield","2018-07-12 00:00:00",-1.268893
"Yield","2018-07-13 00:00:00",-1.284309
"Yield","2018-07-16 00:00:00",-1.258344
"Yield","2018-07-17 00:00:00",-1.219593
"Yield","2018-07-18 00:00:00",-1.233921
"Yield","2018-07-19 00:00:00",-1.200594
"Yield","2018-07-20 00:00:00",-1.212643
"Yield","2018-07-23 00:00:00",-1.184089
"Yield","2018-07-24 00:00:00",-1.17291
"Yield","2018-07-25 00:00:00",-1.208225
"Yield","2018-07-26 00:00:00",-1.180525
"Yield","2018-07-27 00:00:00",-1.175149
"Yield","2018-07-30 00:00:00",-1.173265
"Yield","2018-07-31 00:00:00",-1.184209
"Yield","2018-08-01 00:00:00",-1.135581
"Yield","2018-08-02 00:00:00",-1.125159
"Yield","2018-08-03 00:00:00",-1.157244
"Yield","2018-08-06 00:00:00",-1.171732
"Yield","2018-08-07 00:00:00",-1.182707
"Yield","2018-08-08 00:00:00",-1.189006
"Yield","2018-08-09 00:00:00",-1.190373
"Yield","2018-08-10 00:00:00",-1.225889
"Yield","2018-08-13 00:00:00",-1.25783
"Yield","2018-08-14 00:00:00",-1.243163
"Yield","2018-08-15 00:00:00",-1.248303
"Yield","2018-08-16 00:00:00",-1.250903
"Yield","2018-08-17 00:00:00",-1.26888
"Yield","2018-08-20 00:00:00",-1.2647
"Yield","2018-08-21 00:00:00",-1.254676
"Yield","2018-08-22 00:00:00",-1.249313
"Yield","2018-08-23 00:00:00",-1.23201
"Yield","2018-08-24 00:00:00",-1.239517
"Yield","2018-08-27 00:00:00",-1.228264
"Yield","2018-08-28 00:00:00",-1.22991
"Yield","2018-08-29 00:00:00",-1.212756
"Yield","2018-08-30 00:00:00",-1.21769
"Yield","2018-08-31 00:00:00",-1.252252
"Yield","2018-09-03 00:00:00",-1.258603
"Yield","2018-09-04 00:00:00",-1.253216
"Yield","2018-09-05 00:00:00",-1.214854
"Yield","2018-09-06 00:00:00",-1.192632
"Yield","2018-09-07 00:00:00",-1.193094
"Yield","2018-09-10 00:00:00",-1.168673
"Yield","2018-09-11 00:00:00",-1.16438
"Yield","2018-09-12 00:00:00",-1.181445
"Yield","2018-09-13 00:00:00",-1.193499
"Yield","2018-09-14 00:00:00",-1.169022
"Yield","2018-09-17 00:00:00",-1.14924
"Yield","2018-09-18 00:00:00",-1.147303
"Yield","2018-09-19 00:00:00",-1.109526
"Yield","2018-09-20 00:00:00",-1.122801
"Yield","2018-09-21 00:00:00",-1.148349
"Yield","2018-09-24 00:00:00",-1.155964
"Yield","2018-09-25 00:00:00",-1.119327
"Yield","2018-09-26 00:00:00",-1.117367
"Yield","2018-09-27 00:00:00",-1.14386
"Yield","2018-09-28 00:00:00",-1.163462
"Yield","2018-10-01 00:00:00",-1.138762
"Yield","2018-10-02 00:00:00",-1.226449
"Yield","2018-10-04 00:00:00",-1.116946
"Yield","2018-10-05 00:00:00",-1.099308
"Yield","2018-10-08 00:00:00",-1.117825
"Yield","2018-10-09 00:00:00",-1.108621
"Yield","2018-10-10 00:00:00",-1.133163
"Yield","2018-10-12 00:00:00",-1.138565
"Yield","2018-10-15 00:00:00",-1.194949
"Yield","2018-10-16 00:00:00",-1.169579
"Yield","2018-10-17 00:00:00",-1.20189
"Yield","2018-10-18 00:00:00",-1.190682
"Yield","2018-10-19 00:00:00",-1.253556
"Yield","2018-10-22 00:00:00",-1.18319
"Yield","2018-10-23 00:00:00",-1.219751
"Yield","2018-10-24 00:00:00",-1.220231
"Yield","2018-10-25 00:00:00",-1.21445
"Yield","2018-10-26 00:00:00",-1.243794
"Yield","2018-10-30 01:00:00",-1.232744
"Yield","2018-10-31 01:00:00",-1.23684
"Yield","2018-11-01 01:00:00",-1.206936
"Yield","2018-11-02 01:00:00",-1.18443
"Yield","2018-11-05 01:00:00",-1.189743
"Yield","2018-11-06 01:00:00",-1.2277
"Yield","2018-11-07 01:00:00",-1.220935
"Yield","2018-11-08 01:00:00",-1.198162
"Yield","2018-11-09 01:00:00",-1.194998
"Yield","2018-11-12 01:00:00",-1.240288
"Yield","2018-11-13 01:00:00",-1.225046
"Yield","2018-11-14 01:00:00",-1.201277
"Yield","2018-11-15 01:00:00",-1.220922
"Yield","2018-11-16 01:00:00",-1.215335
"Yield","2018-11-19 01:00:00",-1.20123
"Yield","2018-11-20 01:00:00",-1.217516
"Yield","2018-11-21 01:00:00",-1.171713
"Yield","2018-11-22 01:00:00",-1.143756
"Yield","2018-11-23 01:00:00",-1.108627
"Yield","2018-11-26 01:00:00",-1.072131
"Yield","2018-11-27 01:00:00",-1.115664
"Yield","2018-11-28 01:00:00",-1.109961
"Yield","2018-11-29 01:00:00",-1.080467
"Yield","2018-11-30 01:00:00",-1.136362
"Yield","2018-12-03 01:00:00",-1.134358
"Yield","2018-12-04 01:00:00",-1.190066
"Yield","2018-12-05 01:00:00",-1.186865
"Yield","2018-12-06 01:00:00",-1.178469
"Yield","2018-12-07 01:00:00",-1.160498
"Yield","2018-12-10 01:00:00",-1.185558
"Yield","2018-12-11 01:00:00",-1.134307
"Yield","2018-12-12 01:00:00",-1.171748
"Yield","2018-12-13 01:00:00",-1.133664
"Yield","2018-12-14 01:00:00",-1.155128
"Yield","2018-12-17 01:00:00",-1.149416
"Yield","2018-12-18 01:00:00",-1.137511
"Yield","2018-12-19 01:00:00",-1.094565
"Yield","2018-12-20 01:00:00",-1.083451
"Yield","2018-12-21 01:00:00",-1.053569
"Yield","2018-12-27 01:00:00",-1.042765
"Yield","2018-12-28 01:00:00",-1.031072
"Yield","2019-01-02 01:00:00",-1.072043
"Yield","2019-01-03 01:00:00",-1.034442
"Yield","2019-01-04 01:00:00",-1.051206
"Yield","2019-01-07 01:00:00",-1.047866
"Yield","2019-01-08 01:00:00",-1.0269
"Yield","2019-01-09 01:00:00",-1.05627
"Yield","2019-01-10 01:00:00",-1.095265
"Yield","2019-01-11 01:00:00",-1.115777
"Yield","2019-01-14 01:00:00",-1.109964
"Yield","2019-01-15 01:00:00",-1.105398
"Yield","2019-01-16 01:00:00",-1.092031
"Yield","2019-01-17 01:00:00",-1.070702
"Yield","2019-01-18 01:00:00",-1.052208
"Yield","2019-01-21 01:00:00",-1.071582
"Yield","2019-01-22 01:00:00",-1.055603
"Yield","2019-01-23 01:00:00",-1.072463
"Yield","2019-01-24 01:00:00",-1.099041
"Yield","2019-01-25 01:00:00",-1.122185
"Yield","2019-01-28 01:00:00",-1.098682
"Yield","2019-01-29 01:00:00",-1.062453
"Yield","2019-01-30 01:00:00",-1.059089
"Yield","2019-01-31 01:00:00",-1.100944
"Yield","2019-02-01 01:00:00",-1.108988
"Yield","2019-02-04 01:00:00",-1.128404
"Yield","2019-02-05 01:00:00",-1.102306
"Yield","2019-02-06 01:00:00",-1.121747
"Yield","2019-02-07 01:00:00",-1.14464
"Yield","2019-02-08 01:00:00",-1.137522
"Yield","2019-02-11 01:00:00",-1.129128
"Yield","2019-02-12 01:00:00",-1.118184
"Yield","2019-02-13 01:00:00",-1.132594
"Yield","2019-02-14 01:00:00",-1.150479
"Yield","2019-02-15 01:00:00",-1.128118
"Yield","2019-02-18 01:00:00",-1.172965
"Yield","2019-02-19 01:00:00",-1.192427
"Yield","2019-02-20 01:00:00",-1.178998
"Yield","2019-02-21 01:00:00",-1.149997
"Yield","2019-02-22 01:00:00",-1.13139
"Yield","2019-02-25 01:00:00",-1.122939
"Yield","2019-02-26 01:00:00",-1.12213
"Yield","2019-02-27 01:00:00",-1.088101
"Yield","2019-02-28 01:00:00",-1.072799
"Yield","2019-03-01 01:00:00",-1.077095
"Yield","2019-03-04 01:00:00",-1.10062
"Yield","2019-03-05 01:00:00",-1.12156
"Yield","2019-03-06 01:00:00",-1.147591
"Yield","2019-03-07 01:00:00",-1.175838
"Yield","2019-03-08 01:00:00",-1.227261
"Yield","2019-03-11 01:00:00",-1.221411
"Yield","2019-03-12 01:00:00",-1.240987
"Yield","2019-03-13 01:00:00",-1.266891
"Yield","2019-03-14 01:00:00",-1.300163
"Yield","2019-03-15 01:00:00",-1.268987
"Yield","2019-03-18 01:00:00",-1.263158
"Yield","2019-03-19 01:00:00",-1.270038
"Yield","2019-03-20 01:00:00",-1.271836
"Yield","2019-03-21 01:00:00",-1.329298
"Yield","2019-03-22 01:00:00",-1.336183
"Yield","2019-03-25 01:00:00",-1.318979
"Yield","2019-03-26 01:00:00",-1.311904
"Yield","2019-03-27 01:00:00",-1.330229
"Yield","2019-03-28 01:00:00",-1.336963
"Yield","2019-03-29 01:00:00",-1.355293
"Yield","2019-04-01 00:00:00",-1.369808
"Yield","2019-04-02 00:00:00",-1.379249
"Yield","2019-04-03 00:00:00",-1.348083
"Yield","2019-04-04 00:00:00",-1.330657
"Yield","2019-04-05 00:00:00",-1.324833
"Yield","2019-04-08 00:00:00",-1.350882
"Yield","2019-04-09 00:00:00",-1.357812
"Yield","2019-04-10 00:00:00",-1.340528
"Yield","2019-04-11 00:00:00",-1.340925
"Yield","2019-04-12 00:00:00",-1.331255
"Yield","2019-04-15 00:00:00",-1.319007
"Yield","2019-04-16 00:00:00",-1.329801
"Yield","2019-04-17 00:00:00",-1.306891
"Yield","2019-04-18 00:00:00",-1.329275
"Yield","2019-04-23 00:00:00",-1.358044
"Yield","2019-04-24 00:00:00",-1.359891
"Yield","2019-04-25 00:00:00",-1.374413
"Yield","2019-04-26 00:00:00",-1.35574
"Yield","2019-04-29 00:00:00",-1.331143
"Yield","2019-04-30 00:00:00",-1.338139
"Yield","2019-05-02 00:00:00",-1.330792
"Yield","2019-05-03 00:00:00",-1.292574
"Yield","2019-05-06 00:00:00",-1.291821
"Yield","2019-05-07 00:00:00",-1.314371
"Yield","2019-05-08 00:00:00",-1.335607
"Yield","2019-05-09 00:00:00",-1.326938
"Yield","2019-05-10 00:00:00",-1.308058
"Yield","2019-05-13 00:00:00",-1.315093
"Yield","2019-05-14 00:00:00",-1.310456
"Yield","2019-05-15 00:00:00",-1.314902
"Yield","2019-05-16 00:00:00",-1.300962
"Yield","2019-05-17 00:00:00",-1.315818
"Yield","2019-05-20 00:00:00",-1.294246
"Yield","2019-05-21 00:00:00",-1.293489
"Yield","2019-05-22 00:00:00",-1.286427
"Yield","2019-05-23 00:00:00",-1.290337
"Yield","2019-05-24 00:00:00",-1.277299
"Yield","2019-05-27 00:00:00",-1.275994
"Yield","2019-05-28 00:00:00",-1.290337
"Yield","2019-05-29 00:00:00",-1.303362
"Yield","2019-05-30 00:00:00",-1.290337
"Yield","2019-05-31 00:00:00",-1.303362
"Yield","2019-06-03 00:00:00",-1.295385
"Yield","2019-06-04 00:00:00",-1.289378
"Yield","2019-06-05 00:00:00",-1.305664
"Yield","2019-06-06 00:00:00",-1.309953
"Yield","2019-06-07 00:00:00",-1.267375
"Yield","2019-06-11 00:00:00",-1.264251
"Yield","2019-06-12 00:00:00",-1.237063
"Yield","2019-06-13 00:00:00",-1.236005
"Yield","2019-06-14 00:00:00",-1.214809
"Yield","2019-06-17 00:00:00",-1.179974
"Yield","2019-06-18 00:00:00",-1.283892
"Yield","2019-06-19 00:00:00",-1.345056
"Yield","2019-06-20 00:00:00",-1.350725
"Yield","2019-06-21 00:00:00",-1.366503
"Yield","2019-06-24 00:00:00",-1.362407
"Yield","2019-06-25 00:00:00",-1.277146
"Yield","2019-06-26 00:00:00",-1.276368
"Yield","2019-06-27 00:00:00",-1.272702
"Yield","2019-06-28 00:00:00",-1.287301
"Yield","2019-07-01 00:00:00",-1.305652
"Yield","2019-07-02 00:00:00",-1.31019
"Yield","2019-07-04 00:00:00",-1.305801
"Yield","2019-07-05 00:00:00",-1.342946
"Yield","2019-07-08 00:00:00",-1.332162
"Yield","2019-07-09 00:00:00",-1.311477
"Yield","2019-07-10 00:00:00",-1.292072
"Yield","2019-07-11 00:00:00",-1.328379
"Yield","2019-07-12 00:00:00",-1.27372
"Yield","2019-07-15 00:00:00",-1.334848
"Yield","2019-07-16 00:00:00",-1.328765
"Yield","2019-07-17 00:00:00",-1.332003
"Yield","2019-07-18 00:00:00",-1.337729
"Yield","2019-07-19 00:00:00",-1.437348
"Yield","2019-07-22 00:00:00",-1.478245
"Yield","2019-07-23 00:00:00",-1.445822
"Yield","2019-07-24 00:00:00",-1.453065
"Yield","2019-07-25 00:00:00",-1.493319
"Yield","2019-07-26 00:00:00",-1.480097
"Yield","2019-07-29 00:00:00",-1.509141
"Yield","2019-07-30 00:00:00",-1.489951
"Yield","2019-07-31 00:00:00",-1.48397
"Yield","2019-08-01 00:00:00",-1.455344
"Yield","2019-08-02 00:00:00",-1.442042
"Yield","2019-08-05 00:00:00",-1.440624
"Yield","2019-08-06 00:00:00",-1.469337
"Yield","2019-08-07 00:00:00",-1.495092
"Yield","2019-08-08 00:00:00",-1.501415
"Yield","2019-08-09 00:00:00",-1.510316
"Yield","2019-08-12 00:00:00",-1.560703
"Yield","2019-08-13 00:00:00",-1.565349
"Yield","2019-08-14 00:00:00",-1.585878
"Yield","2019-08-15 00:00:00",-1.533521
"Yield","2019-08-16 00:00:00",-1.59455
"Yield","2019-08-19 00:00:00",-1.589301
"Yield","2019-08-20 00:00:00",-1.596614
"Yield","2019-08-21 00:00:00",-1.595978
"Yield","2019-08-22 00:00:00",-1.572802
"Yield","2019-08-23 00:00:00",-1.546174
"Yield","2019-08-26 00:00:00",-1.567507
"Yield","2019-08-27 00:00:00",-1.55619
"Yield","2019-08-28 00:00:00",-1.556865
"Yield","2019-08-29 00:00:00",-1.536166
"Yield","2019-08-30 00:00:00",-1.546866
"Yield","2019-09-02 00:00:00",-1.529465
"Yield","2019-09-03 00:00:00",-1.531471
"Yield","2019-09-04 00:00:00",-1.479736
"Yield","2019-09-05 00:00:00",-1.512644
"Yield","2019-09-06 00:00:00",-1.523398
"Yield","2019-09-09 00:00:00",-1.512619
"Yield","2019-09-10 00:00:00",-1.525394
"Yield","2019-09-11 00:00:00",-1.476167
"Yield","2019-09-12 00:00:00",-1.533452
"Yield","2019-09-13 00:00:00",-1.465929
"Yield","2019-09-16 00:00:00",-1.48076
"Yield","2019-09-17 00:00:00",-1.488179
"Yield","2019-09-19 00:00:00",-1.4487
"Yield","2019-09-20 00:00:00",-1.470444
"Yield","2019-09-23 00:00:00",-1.481248
"Yield","2019-09-24 00:00:00",-1.485975
"Yield","2019-09-25 00:00:00",-1.494778
"Yield","2019-09-26 00:00:00",-1.472261
"Yield","2019-09-27 00:00:00",-1.469537
"Yield","2019-09-30 00:00:00",-1.442171
"Yield","2019-10-01 00:00:00",-1.404204
"Yield","2019-10-02 00:00:00",-1.416068
"Yield","2019-10-04 00:00:00",-1.441258
"Yield","2019-10-07 00:00:00",-1.441165
"Yield","2019-10-08 00:00:00",-1.434946
"Yield","2019-10-09 00:00:00",-1.439014
"Yield","2019-10-10 00:00:00",-1.423745
"Yield","2019-10-11 00:00:00",-1.390682
"Yield","2019-10-14 00:00:00",-1.397444
"Yield","2019-10-15 00:00:00",-1.384255
"Yield","2019-10-16 00:00:00",-1.38349
"Yield","2019-10-17 00:00:00",-1.357629
"Yield","2019-10-18 00:00:00",-1.371495
"Yield","2019-10-21 00:00:00",-1.351902
"Yield","2019-10-22 00:00:00",-1.346948
"Yield","2019-10-23 00:00:00",-1.341988
"Yield","2019-10-24 00:00:00",-1.331252
"Yield","2019-10-25 00:00:00",-1.335435
"Yield","2019-10-28 01:00:00",-1.317089
"Yield","2019-10-29 01:00:00",-1.326067
"Yield","2019-10-30 01:00:00",-1.319675
"Yield","2019-10-31 01:00:00",-1.338252
"Yield","2019-11-01 01:00:00",-1.320062
"Yield","2019-11-04 01:00:00",-1.325458
"Yield","2019-11-05 01:00:00",-1.327458
"Yield","2019-11-06 01:00:00",-1.323852
"Yield","2019-11-07 01:00:00",-1.314411
"Yield","2019-11-08 01:00:00",-1.272183
"Yield","2019-11-11 01:00:00",-1.278982
"Yield","2019-11-12 01:00:00",-1.288026
"Yield","2019-11-13 01:00:00",-1.291433
"Yield","2019-11-14 01:00:00",-1.298843
"Yield","2019-11-15 01:00:00",-1.321409
"Yield","2019-11-18 01:00:00",-1.312734
"Yield","2019-11-19 01:00:00",-1.299203
"Yield","2019-11-20 01:00:00",-1.320989
"Yield","2019-11-21 01:00:00",-1.280318
"Yield","2019-11-22 01:00:00",-1.301573
"Yield","2019-11-25 01:00:00",-1.281488
"Yield","2019-11-26 01:00:00",-1.29059
"Yield","2019-11-27 01:00:00",-1.294019
"Yield","2019-11-28 01:00:00",-1.291531
"Yield","2019-11-29 01:00:00",-1.30574
"Yield","2019-12-02 01:00:00",-1.279903
"Yield","2019-12-03 01:00:00",-1.300422
"Yield","2019-12-04 01:00:00",-1.320928
"Yield","2019-12-05 01:00:00",-1.295681
"Yield","2019-12-06 01:00:00",-1.291403
"Yield","2019-12-09 01:00:00",-1.304004
"Yield","2019-12-10 01:00:00",-1.303176
"Yield","2019-12-11 01:00:00",-1.326597
"Yield","2019-12-12 01:00:00",-1.334132
"Yield","2019-12-13 01:00:00",-1.292703
"Yield","2019-12-16 01:00:00",-1.315358
"Yield","2019-12-17 01:00:00",-1.303084
"Yield","2019-12-18 01:00:00",-1.323722
"Yield","2019-12-19 01:00:00",-1.282524
"Yield","2019-12-20 01:00:00",-1.281087
"Yield","2019-12-23 01:00:00",-1.302156
"Yield","2019-12-27 01:00:00",-1.296767
"Yield","2019-12-30 01:00:00",-1.250913
"Yield","2020-01-02 01:00:00",-1.260488
"Yield","2020-01-03 01:00:00",-1.355749
"Yield","2020-01-06 01:00:00",-1.364201
"Yield","2020-01-07 01:00:00",-1.354753
"Yield","2020-01-08 01:00:00",-1.343848
"Yield","2020-01-09 01:00:00",-1.315361
"Yield","2020-01-10 01:00:00",-1.302328
"Yield","2020-01-13 01:00:00",-1.31079
"Yield","2020-01-14 01:00:00",-1.312851
"Yield","2020-01-15 01:00:00",-1.355458
"Yield","2020-01-16 01:00:00",-1.345765
"Yield","2020-01-17 01:00:00",-1.350111
"Yield","2020-01-20 01:00:00",-1.349921
"Yield","2020-01-21 01:00:00",-1.3491
"Yield","2020-01-22 01:00:00",-1.362785
"Yield","2020-01-23 01:00:00",-1.373403
"Yield","2020-01-24 01:00:00",-1.400941
"Yield","2020-01-27 01:00:00",-1.39645
"Yield","2020-01-28 01:00:00",-1.395652
"Yield","2020-01-29 01:00:00",-1.415157
"Yield","2020-01-30 01:00:00",-1.41714
"Yield","2020-01-31 01:00:00",-1.427294
"Yield","2020-02-03 01:00:00",-1.460519
"Yield","2020-02-04 01:00:00",-1.433651
"Yield","2020-02-05 01:00:00",-1.428512
"Yield","2020-02-06 01:00:00",-1.408682
"Yield","2020-02-07 01:00:00",-1.415965
"Yield","2020-02-10 01:00:00",-1.395415
"Yield","2020-02-11 01:00:00",-1.379997
"Yield","2020-02-12 01:00:00",-1.358688
"Yield","2020-02-13 01:00:00",-1.375272
"Yield","2020-02-14 01:00:00",-1.389918
"Yield","2020-02-17 01:00:00",-1.40148
"Yield","2020-02-18 01:00:00",-1.400675
"Yield","2020-02-19 01:00:00",-1.39254
"Yield","2020-02-20 01:00:00",-1.390107
"Yield","2020-02-21 01:00:00",-1.388638
"Yield","2020-02-24 01:00:00",-1.391421
"Yield","2020-02-25 01:00:00",-1.39796
"Yield","2020-02-26 01:00:00",-1.370649
"Yield","2020-02-27 01:00:00",-1.391769
"Yield","2020-02-28 01:00:00",-1.407969
"Yield","2020-03-02 01:00:00",-1.431383
"Yield","2020-03-03 01:00:00",-1.398175
"Yield","2020-03-04 01:00:00",-1.438626
"Yield","2020-03-05 01:00:00",-1.452454
"Yield","2020-03-06 01:00:00",-1.411172
"Yield","2020-03-09 01:00:00",-1.338422
"Yield","2020-03-10 01:00:00",-1.27201
"Yield","2020-03-11 01:00:00",-1.309926
"Yield","2020-03-12 01:00:00",-1.281931
"Yield","2020-03-13 01:00:00",-1.19342
"Yield","2020-03-16 01:00:00",-1.056825
"Yield","2020-03-17 01:00:00",-0.896626
"Yield","2020-03-18 01:00:00",-0.664132
"Yield","2020-03-19 01:00:00",-0.64633
"Yield","2020-03-20 01:00:00",-0.610172
"Yield","2020-03-23 01:00:00",-0.650142
"Yield","2020-03-24 01:00:00",-0.587465
"Yield","2020-03-25 01:00:00",-0.540306
"Yield","2020-03-26 01:00:00",-0.564955
"Yield","2020-03-27 01:00:00",-0.823982
"Yield","2020-03-30 00:00:00",-0.92565
"Yield","2020-03-31 00:00:00",-0.864114
"Yield","2020-04-01 00:00:00",-0.867655
"Yield","2020-04-02 00:00:00",-0.780004
"Yield","2020-04-03 00:00:00",-0.848723
"Yield","2020-04-06 00:00:00",-0.851137
"Yield","2020-04-07 00:00:00",-0.867156
"Yield","2020-04-08 00:00:00",-0.838072
"Yield","2020-04-09 00:00:00",-0.845896
"Yield","2020-04-14 00:00:00",-0.878032
"Yield","2020-04-15 00:00:00",-0.933074
"Yield","2020-04-16 00:00:00",-0.920442
"Yield","2020-04-17 00:00:00",-0.922002
"Yield","2020-04-20 00:00:00",-0.94322
"Yield","2020-04-21 00:00:00",-0.912453
"Yield","2020-04-22 00:00:00",-0.889427
"Yield","2020-04-23 00:00:00",-0.898623
"Yield","2020-04-24 00:00:00",-0.922128
"Yield","2020-04-27 00:00:00",-0.926193
"Yield","2020-04-28 00:00:00",-0.899989
"Yield","2020-04-29 00:00:00",-0.933247
"Yield","2020-04-30 00:00:00",-0.980265
"Yield","2020-05-04 00:00:00",-1.048436
"Yield","2020-05-05 00:00:00",-1.013049
"Yield","2020-05-06 00:00:00",-0.997908
"Yield","2020-05-07 00:00:00",-0.968024
"Yield","2020-05-08 00:00:00",-0.996281
"Yield","2020-05-11 00:00:00",-0.957989
"Yield","2020-05-12 00:00:00",-0.947447
"Yield","2020-05-13 00:00:00",-0.922679
"Yield","2020-05-14 00:00:00",-0.908264
"Yield","2020-05-15 00:00:00",-0.924089
"Yield","2020-05-18 00:00:00",-0.932945
"Yield","2020-05-19 00:00:00",-0.901727
"Yield","2020-05-20 00:00:00",-0.918051
"Yield","2020-05-21 00:00:00",-0.913108
"Yield","2020-05-22 00:00:00",-0.91946
"Yield","2020-05-25 00:00:00",-0.929932
"Yield","2020-05-26 00:00:00",-0.889042
"Yield","2020-05-27 00:00:00",-0.90543
"Yield","2020-05-28 00:00:00",-0.891032
"Yield","2020-05-29 00:00:00",-0.903637
"Yield","2020-06-02 00:00:00",-0.932156
"Yield","2020-06-03 00:00:00",-0.942997
"Yield","2020-06-04 00:00:00",-0.900497
"Yield","2020-06-05 00:00:00",-0.945247
"Yield","2020-06-08 00:00:00",-0.935034
"Yield","2020-06-09 00:00:00",-0.959483
"Yield","2020-06-10 00:00:00",-0.943994
"Yield","2020-06-11 00:00:00",-0.982235
"Yield","2020-06-12 00:00:00",-0.953457
"Yield","2020-06-15 00:00:00",-0.962446
"Yield","2020-06-16 00:00:00",-0.954931
"Yield","2020-06-17 00:00:00",-0.928141
"Yield","2020-06-18 00:00:00",-0.932799
"Yield","2020-06-19 00:00:00",-0.964929
"Yield","2020-06-22 00:00:00",-0.981978
"Yield","2020-06-23 00:00:00",-0.998527
"Yield","2020-06-24 00:00:00",-1.026286
"Yield","2020-06-25 00:00:00",-1.043895
"Yield","2020-06-26 00:00:00",-1.042293
"Yield","2020-06-29 00:00:00",-1.054584
"Yield","2020-06-30 00:00:00",-1.064739
"Yield","2020-07-01 00:00:00",-1.046043
"Yield","2020-07-02 00:00:00",-1.034799
"Yield","2020-07-03 00:00:00",-1.071743
"Yield","2020-07-06 00:00:00",-1.077663
"Yield","2020-07-07 00:00:00",-1.062149
"Yield","2020-07-08 00:00:00",-1.064304
"Yield","2020-07-09 00:00:00",-1.08044
"Yield","2020-07-10 00:00:00",-1.078831
"Yield","2020-07-13 00:00:00",-1.057378
"Yield","2020-07-14 00:00:00",-1.033696
"Yield","2020-07-15 00:00:00",-1.106831
"Yield","2020-07-16 00:00:00",-1.110156
"Yield","2020-07-17 00:00:00",-1.132699
"Yield","2020-07-20 00:00:00",-1.10969
"Yield","2020-07-21 00:00:00",-1.166641
"Yield","2020-07-22 00:00:00",-1.215416
"Yield","2020-07-23 00:00:00",-1.236542
"Yield","2020-07-24 00:00:00",-1.185144
"Yield","2020-07-27 00:00:00",-1.202462
"Yield","2020-07-28 00:00:00",-1.227203
"Yield","2020-07-29 00:00:00",-1.23587
"Yield","2020-07-30 00:00:00",-1.269924
"Yield","2020-07-31 00:00:00",-1.302
"Yield","2020-08-03 00:00:00",-1.268015
"Yield","2020-08-04 00:00:00",-1.291164
"Yield","2020-08-05 00:00:00",-1.293434
"Yield","2020-08-06 00:00:00",-1.285776
"Yield","2020-08-07 00:00:00",-1.298648
"Yield","2020-08-10 00:00:00",-1.301594
"Yield","2020-08-11 00:00:00",-1.324793
"Yield","2020-08-12 00:00:00",-1.252907
"Yield","2020-08-13 00:00:00",-1.279116
"Yield","2020-08-14 00:00:00",-1.214325
"Yield","2020-08-17 00:00:00",-1.210712
"Yield","2020-08-18 00:00:00",-1.216219
"Yield","2020-08-19 00:00:00",-1.218477
"Yield","2020-08-20 00:00:00",-1.202455
"Yield","2020-08-21 00:00:00",-1.210605
"Yield","2020-08-24 00:00:00",-1.20371
"Yield","2020-08-25 00:00:00",-1.204338
"Yield","2020-08-26 00:00:00",-1.172258
"Yield","2020-08-27 00:00:00",-1.215034
"Yield","2020-08-28 00:00:00",-1.174101
"Yield","2020-08-31 00:00:00",-1.162197
"Yield","2020-09-01 00:00:00",-1.143074
"Yield","2020-09-02 00:00:00",-1.176566
"Yield","2020-09-03 00:00:00",-1.186645
"Yield","2020-09-04 00:00:00",-1.178422
"Yield","2020-09-07 00:00:00",-1.171426
"Yield","2020-09-08 00:00:00",-1.139039
"Yield","2020-09-09 00:00:00",-1.137987
"Yield","2020-09-10 00:00:00",-1.13317
"Yield","2020-09-11 00:00:00",-1.138138
"Yield","2020-09-14 00:00:00",-1.175757
"Yield","2020-09-15 00:00:00",-1.179686
"Yield","2020-09-16 00:00:00",-1.193538
"Yield","2020-09-17 00:00:00",-1.178869
"Yield","2020-09-18 00:00:00",-1.198742
"Yield","2020-09-21 00:00:00",-1.198353
"Yield","2020-09-22 00:00:00",-1.192356
"Yield","2020-09-23 00:00:00",-1.174726
"Yield","2020-09-24 00:00:00",-1.171607
"Yield","2020-09-25 00:00:00",-1.144958
"Yield","2020-09-28 00:00:00",-1.14284
"Yield","2020-09-29 00:00:00",-1.14011
"Yield","2020-09-30 00:00:00",-1.127344
"Yield","2020-10-01 00:00:00",-1.124128
"Yield","2020-10-02 00:00:00",-1.125803
"Yield","2020-10-05 00:00:00",-1.147119
"Yield","2020-10-06 00:00:00",-1.146057
"Yield","2020-10-07 00:00:00",-1.173472
"Yield","2020-10-08 00:00:00",-1.200476
"Yield","2020-10-09 00:00:00",-1.233905
"Yield","2020-10-12 00:00:00",-1.248585
"Yield","2020-10-13 00:00:00",-1.255931
"Yield","2020-10-14 00:00:00",-1.253259
"Yield","2020-10-15 00:00:00",-1.280349
"Yield","2020-10-16 00:00:00",-1.297048
"Yield","2020-10-19 00:00:00",-1.315127
"Yield","2020-10-20 00:00:00",-1.324173
"Yield","2020-10-21 00:00:00",-1.328217
"Yield","2020-10-22 00:00:00",-1.318637
"Yield","2020-10-23 00:00:00",-1.326999
"Yield","2020-10-26 01:00:00",-1.323395
"Yield","2020-10-27 01:00:00",-1.329126
"Yield","2020-10-28 01:00:00",-1.33821
"Yield","2020-10-29 01:00:00",-1.315186
"Yield","2020-10-30 01:00:00",-1.316865
"Yield","2020-11-02 01:00:00",-1.282935
"Yield","2020-11-03 01:00:00",-1.292051
"Yield","2020-11-04 01:00:00",-1.294431
"Yield","2020-11-05 01:00:00",-1.277942
"Yield","2020-11-06 01:00:00",-1.28639
"Yield","2020-11-09 01:00:00",-1.304676
"Yield","2020-11-10 01:00:00",-1.313825
"Yield","2020-11-11 01:00:00",-1.33142
"Yield","2020-11-12 01:00:00",-1.32512
"Yield","2020-11-13 01:00:00",-1.342023
"Yield","2020-11-16 01:00:00",-1.355303
"Yield","2020-11-17 01:00:00",-1.369553
"Yield","2020-11-18 01:00:00",-1.353382
"Yield","2020-11-19 01:00:00",-1.347102
"Yield","2020-11-20 01:00:00",-1.350492
"Yield","2020-11-23 01:00:00",-1.373994
"Yield","2020-11-24 01:00:00",-1.425505
"Yield","2020-11-25 01:00:00",-1.451609
"Yield","2020-11-26 01:00:00",-1.428585
"Yield","2020-11-27 01:00:00",-1.425199
"Yield","2020-11-30 01:00:00",-1.425045
"Yield","2020-12-01 01:00:00",-1.422424
"Yield","2020-12-02 01:00:00",-1.414705
"Yield","2020-12-03 01:00:00",-1.425509
"Yield","2020-12-04 01:00:00",-1.484887
"Yield","2020-12-07 01:00:00",-1.494967
"Yield","2020-12-08 01:00:00",-1.497471
"Yield","2020-12-09 01:00:00",-1.505062
"Yield","2020-12-10 01:00:00",-1.505812
"Yield","2020-12-11 01:00:00",-1.490526
"Yield","2020-12-14 01:00:00",-1.483637
"Yield","2020-12-15 01:00:00",-1.492955
"Yield","2020-12-16 01:00:00",-1.495469
"Yield","2020-12-17 01:00:00",-1.487676
"Yield","2020-12-18 01:00:00",-1.458643
"Yield","2020-12-21 01:00:00",-1.456813
"Yield","2020-12-22 01:00:00",-1.445617
"Yield","2020-12-23 01:00:00",-1.45565
"Yield","2020-12-28 01:00:00",-1.448652
"Yield","2020-12-29 01:00:00",-1.475224
"Yield","2021-01-04 01:00:00",-1.489557
"Yield","2021-01-05 01:00:00",-1.482623
"Yield","2021-01-06 01:00:00",-1.467914
"Yield","2021-01-07 01:00:00",-1.522105
"Yield","2021-01-08 01:00:00",-1.523827
"Yield","2021-01-11 01:00:00",-1.52033
"Yield","2021-01-12 01:00:00",-1.524618
"Yield","2021-01-13 01:00:00",-1.537536
"Yield","2021-01-14 01:00:00",-1.58493
"Yield","2021-01-15 01:00:00",-1.588375
"Yield","2021-01-18 01:00:00",-1.609077
"Yield","2021-01-19 01:00:00",-1.60824
"Yield","2021-01-20 01:00:00",-1.634963
"Yield","2021-01-21 01:00:00",-1.641112
"Yield","2021-01-22 01:00:00",-1.630768
"Yield","2021-01-25 01:00:00",-1.625661
"Yield","2021-01-26 01:00:00",-1.631741
"Yield","2021-01-27 01:00:00",-1.636098
"Yield","2021-01-28 01:00:00",-1.657837
"Yield","2021-01-29 01:00:00",-1.678565
"Yield","2021-02-01 01:00:00",-1.682148
"Yield","2021-02-02 01:00:00",-1.715889
"Yield","2021-02-03 01:00:00",-1.718563
"Yield","2021-02-04 01:00:00",-1.719687
"Yield","2021-02-05 01:00:00",-1.66774
"Yield","2021-02-08 01:00:00",-1.669765
"Yield","2021-02-09 01:00:00",-1.653138
"Yield","2021-02-10 01:00:00",-1.627937
"Yield","2021-02-11 01:00:00",-1.635894
"Yield","2021-02-12 01:00:00",-1.618436
"Yield","2021-02-15 01:00:00",-1.600996
"Yield","2021-02-16 01:00:00",-1.589625
"Yield","2021-02-17 01:00:00",-1.572966
"Yield","2021-02-18 01:00:00",-1.572094
"Yield","2021-02-19 01:00:00",-1.499815
"Yield","2021-02-22 01:00:00",-1.464318
"Yield","2021-02-23 01:00:00",-1.525339
"Yield","2021-02-24 01:00:00",-1.543868
"Yield","2021-02-25 01:00:00",-1.528779
"Yield","2021-02-26 01:00:00",-1.511061
"Yield","2021-03-01 01:00:00",-1.562382
"Yield","2021-03-02 01:00:00",-1.59686
"Yield","2021-03-03 01:00:00",-1.626013
"Yield","2021-03-04 01:00:00",-1.62346
"Yield","2021-03-05 01:00:00",-1.658774
"Yield","2021-03-08 01:00:00",-1.692394
"Yield","2021-03-09 01:00:00",-1.663346
"Yield","2021-03-10 01:00:00",-1.680182
"Yield","2021-03-11 01:00:00",-1.697345
"Yield","2021-03-12 01:00:00",-1.721885
"Yield","2021-03-15 01:00:00",-1.771439
"Yield","2021-03-16 01:00:00",-1.805348
"Yield","2021-03-17 01:00:00",-1.812168
"Yield","2021-03-18 01:00:00",-1.774676
"Yield","2021-03-19 01:00:00",-1.776441
"Yield","2021-03-22 01:00:00",-1.762536
"Yield","2021-03-23 01:00:00",-1.781224
"Yield","2021-03-24 01:00:00",-1.808745
"Yield","2021-03-25 01:00:00",-1.834797
"Yield","2021-03-26 01:00:00",-1.864798
"Yield","2021-03-29 00:00:00",-1.849249
"Yield","2021-03-30 00:00:00",-1.823756
"Yield","2021-03-31 00:00:00",-1.834265
"Yield","2021-04-01 00:00:00",-1.867954
"Yield","2021-04-06 00:00:00",-1.875395
"Yield","2021-04-07 00:00:00",-1.911893
"Yield","2021-04-08 00:00:00",-1.924015
"Yield","2021-04-09 00:00:00",-1.916927
"Yield","2021-04-12 00:00:00",-1.913786
"Yield","2021-04-13 00:00:00",-1.900664
"Yield","2021-04-14 00:00:00",-1.875051
"Yield","2021-04-15 00:00:00",-1.851482
"Yield","2021-04-16 00:00:00",-1.842545
"Yield","2021-04-19 00:00:00",-1.839283
"Yield","2021-04-20 00:00:00",-1.818826
"Yield","2021-04-21 00:00:00",-1.859304
"Yield","2021-04-22 00:00:00",-1.849946
"Yield","2021-04-23 00:00:00",-1.84097
"Yield","2021-04-26 00:00:00",-1.834096
"Yield","2021-04-27 00:00:00",-1.831551
"Yield","2021-04-28 00:00:00",-1.852402
"Yield","2021-04-29 00:00:00",-1.861007
"Yield","2021-04-30 00:00:00",-1.898786
"Yield","2021-05-03 00:00:00",-1.841502
"Yield","2021-05-04 00:00:00",-1.869638
"Yield","2021-05-05 00:00:00",-1.88875
"Yield","2021-05-06 00:00:00",-1.888412
"Yield","2021-05-07 00:00:00",-1.886606
"Yield","2021-05-10 00:00:00",-1.923102
"Yield","2021-05-11 00:00:00",-1.936844
"Yield","2021-05-12 00:00:00",-1.934354
"Yield","2021-05-13 00:00:00",-1.901512
"Yield","2021-05-14 00:00:00",-1.88701
"Yield","2021-05-17 00:00:00",-1.883753
"Yield","2021-05-18 00:00:00",-1.914803
"Yield","2021-05-19 00:00:00",-1.90593
"Yield","2021-05-20 00:00:00",-1.797929
"Yield","2021-05-21 00:00:00",-1.768604
"Yield","2021-05-25 00:00:00",-1.82491
"Yield","2021-05-26 00:00:00",-1.844292
"Yield","2021-05-27 00:00:00",-1.801628
"Yield","2021-05-28 00:00:00",-1.79979
"Yield","2021-05-31 00:00:00",-1.831329
"Yield","2021-06-01 00:00:00",-1.839756
"Yield","2021-06-02 00:00:00",-1.837157
"Yield","2021-06-04 00:00:00",-1.877201
"Yield","2021-06-07 00:00:00",-1.905151
"Yield","2021-06-08 00:00:00",-1.874987
"Yield","2021-06-09 00:00:00",-1.90739
"Yield","2021-06-10 00:00:00",-1.868327
"Yield","2021-06-11 00:00:00",-1.908916
"Yield","2021-06-14 00:00:00",-1.903785
"Yield","2021-06-15 00:00:00",-1.882734
"Yield","2021-06-16 00:00:00",-1.889395
"Yield","2021-06-17 00:00:00",-1.788685
"Yield","2021-06-18 00:00:00",-1.792413
"Yield","2021-06-21 00:00:00",-1.699125
"Yield","2021-06-22 00:00:00",-1.718901
"Yield","2021-06-23 00:00:00",-1.742425
"Yield","2021-06-24 00:00:00",-1.760553
"Yield","2021-06-25 00:00:00",-1.738035
"Yield","2021-06-28 00:00:00",-1.755144
"Yield","2021-06-29 00:00:00",-1.744914
"Yield","2021-06-30 00:00:00",-1.783545
"Yield","2021-07-01 00:00:00",-1.760399
"Yield","2021-07-02 00:00:00",-1.784866
"Yield","2021-07-05 00:00:00",-1.805822
"Yield","2021-07-06 00:00:00",-1.82759
"Yield","2021-07-07 00:00:00",-1.838085
"Yield","2021-07-08 00:00:00",-1.788594
"Yield","2021-07-09 00:00:00",-1.803695
"Yield","2021-07-12 00:00:00",-1.813417
"Yield","2021-07-13 00:00:00",-1.806949
"Yield","2021-07-14 00:00:00",-1.804253
"Yield","2021-07-15 00:00:00",-1.808463
"Yield","2021-07-16 00:00:00",-1.816987
"Yield","2021-07-19 00:00:00",-1.817283
"Yield","2021-07-20 00:00:00",-1.808891
"Yield","2021-07-21 00:00:00",-1.81568
"Yield","2021-07-22 00:00:00",-1.828482
"Yield","2021-07-23 00:00:00",-1.834184
"Yield","2021-07-26 00:00:00",-1.855417
"Yield","2021-07-27 00:00:00",-1.892627
"Yield","2021-07-28 00:00:00",-1.927719
"Yield","2021-07-29 00:00:00",-1.988252
"Yield","2021-07-30 00:00:00",-1.993926
"Yield","2021-08-02 00:00:00",-1.99255
"Yield","2021-08-03 00:00:00",-2.003227
"Yield","2021-08-04 00:00:00",-2.017697
"Yield","2021-08-05 00:00:00",-2.019469
"Yield","2021-08-06 00:00:00",-2.015675
"Yield","2021-08-09 00:00:00",-1.978191
"Yield","2021-08-10 00:00:00",-2.000333
"Yield","2021-08-11 00:00:00",-2.020574
"Yield","2021-08-12 00:00:00",-2.05281
"Yield","2021-08-13 00:00:00",-2.054712
"Yield","2021-08-16 00:00:00",-2.055309
"Yield","2021-08-17 00:00:00",-2.054656
"Yield","2021-08-18 00:00:00",-2.054002
"Yield","2021-08-19 00:00:00",-2.027182
"Yield","2021-08-23 00:00:00",-2.008582
"Yield","2021-08-24 00:00:00",-2.044314
"Yield","2021-08-25 00:00:00",-2.043649
"Yield","2021-08-26 00:00:00",-2.035888
"Yield","2021-08-27 00:00:00",-2.020515
"Yield","2021-08-30 00:00:00",-2.040312
"Yield","2021-08-31 00:00:00",-2.039641
"Yield","2021-09-01 00:00:00",-2.04667
"Yield","2021-09-02 00:00:00",-2.044666
"Yield","2021-09-03 00:00:00",-2.088967
"Yield","2021-09-06 00:00:00",-2.101166
"Yield","2021-09-07 00:00:00",-2.179331
"Yield","2021-09-08 00:00:00",-2.123017
"Yield","2021-09-09 00:00:00",-2.142367
"Yield","2021-09-10 00:00:00",-2.200072
"Yield","2021-09-13 00:00:00",-2.279519
"Yield","2021-09-14 00:00:00",-2.256007
"Yield","2021-09-15 00:00:00",-2.238196
"Yield","2021-09-16 00:00:00",-2.238495
"Yield","2021-09-17 00:00:00",-2.250041
"Yield","2021-09-20 00:00:00",-2.229697
"Yield","2021-09-21 00:00:00",-2.233007
"Yield","2021-09-22 00:00:00",-2.228598
"Yield","2021-09-23 00:00:00",-2.203704
"Yield","2021-09-24 00:00:00",-2.205642
"Yield","2021-09-27 00:00:00",-2.175376
"Yield","2021-09-28 00:00:00",-2.289161
"Yield","2021-09-29 00:00:00",-2.267367
"Yield","2021-09-30 00:00:00",-2.236658
"Yield","2021-10-01 00:00:00",-2.27742
"Yield","2021-10-04 00:00:00",-2.303536
"Yield","2021-10-05 00:00:00",-2.384319
"Yield","2021-10-06 00:00:00",-2.484068
"Yield","2021-10-07 00:00:00",-2.32628
"Yield","2021-10-08 00:00:00",-2.345694
"Yield","2021-10-11 00:00:00",-2.31557
"Yield","2021-10-12 00:00:00",-2.311175
"Yield","2021-10-13 00:00:00",-2.322367
"Yield","2021-10-14 00:00:00",-2.311116
"Yield","2021-10-15 00:00:00",-2.350141
"Yield","2021-10-18 00:00:00",-2.355043
"Yield","2021-10-19 00:00:00",-2.350664
"Yield","2021-10-20 00:00:00",-2.3365
"Yield","2021-10-21 00:00:00",-2.331115
"Yield","2021-10-22 00:00:00",-2.372237
"Yield","2021-10-25 00:00:00",-2.412396
"Yield","2021-10-26 00:00:00",-2.45298
"Yield","2021-10-27 00:00:00",-2.444761
"Yield","2021-10-28 00:00:00",-2.365045
"Yield","2021-10-29 00:00:00",-2.220942
"Yield","2021-11-01 01:00:00",-2.188009
"Yield","2021-11-02 01:00:00",-2.243037
"Yield","2021-11-03 01:00:00",-2.204723
"Yield","2021-11-04 01:00:00",-2.204952
"Yield","2021-11-05 01:00:00",-2.300371
"Yield","2021-11-08 01:00:00",-2.364731
"Yield","2021-11-09 01:00:00",-2.443269
"Yield","2021-11-10 01:00:00",-2.409287
"Yield","2021-11-11 01:00:00",-2.404188
"Yield","2021-11-12 01:00:00",-2.378222
"Yield","2021-11-15 01:00:00",-2.414988
"Yield","2021-11-16 01:00:00",-2.446256
"Yield","2021-11-17 01:00:00",-2.483448
"Yield","2021-11-18 01:00:00",-2.456481
"Yield","2021-11-19 01:00:00",-2.452512
"Yield","2021-11-22 01:00:00",-2.385957
"Yield","2021-11-23 01:00:00",-2.279565
"Yield","2021-11-24 01:00:00",-2.298907
"Yield","2021-11-25 01:00:00",-2.263083
"Yield","2021-11-26 01:00:00",-2.305361
"Yield","2021-11-29 01:00:00",-2.300279
"Yield","2021-11-30 01:00:00",-2.360119
"Yield","2021-12-01 01:00:00",-2.30325
"Yield","2021-12-02 01:00:00",-2.265242
"Yield","2021-12-03 01:00:00",-2.271317
"Yield","2021-12-06 01:00:00",-2.284394
"Yield","2021-12-07 01:00:00",-2.283848
"Yield","2021-12-08 01:00:00",-2.311682
"Yield","2021-12-09 01:00:00",-2.277589
"Yield","2021-12-10 01:00:00",-2.271488
"Yield","2021-12-13 01:00:00",-2.294803
"Yield","2021-12-14 01:00:00",-2.298333
"Yield","2021-12-15 01:00:00",-2.283528
"Yield","2021-12-16 01:00:00",-2.28596
"Yield","2021-12-17 01:00:00",-2.300253
"Yield","2021-12-20 01:00:00",-2.307347
"Yield","2021-12-21 01:00:00",-2.312944
"Yield","2021-12-22 01:00:00",-2.330812
"Yield","2021-12-23 01:00:00",-2.361988
"Yield","2021-12-27 01:00:00",-2.311792
"Yield","2021-12-28 01:00:00",-2.288646
"Yield","2021-12-29 01:00:00",-2.255132
"Yield","2021-12-30 01:00:00",-2.263724
"Yield","2022-01-03 01:00:00",-2.246022
"Yield","2022-01-04 01:00:00",-2.237146
"Yield","2022-01-05 01:00:00",-2.215798
"Yield","2022-01-06 01:00:00",-2.138892
"Yield","2022-01-07 01:00:00",-2.176466
"Yield","2022-01-10 01:00:00",-2.152195
"Yield","2022-01-11 01:00:00",-2.153628
"Yield","2022-01-12 01:00:00",-2.175986
"Yield","2022-01-13 01:00:00",-2.144685
"Yield","2022-01-14 01:00:00",-2.15308
"Yield","2022-01-17 01:00:00",-2.147551
"Yield","2022-01-18 01:00:00",-2.153192
"Yield","2022-01-19 01:00:00",-2.125153
"Yield","2022-01-20 01:00:00",-2.133651
"Yield","2022-01-21 01:00:00",-2.146312
"Yield","2022-01-24 01:00:00",-2.174521
"Yield","2022-01-25 01:00:00",-2.199183
"Yield","2022-01-26 01:00:00",-2.202768
"Yield","2022-01-27 01:00:00",-2.17972
"Yield","2022-01-28 01:00:00",-2.240991
"Yield","2022-01-31 01:00:00",-2.326195
"Yield","2022-02-01 01:00:00",-2.300383
"Yield","2022-02-02 01:00:00",-2.263938
"Yield","2022-02-03 01:00:00",-2.22189
"Yield","2022-02-04 01:00:00",-1.997745
"Yield","2022-02-07 01:00:00",-1.946631
"Yield","2022-02-08 01:00:00",-2.008277
"Yield","2022-02-09 01:00:00",-1.9838
"Yield","2022-02-10 01:00:00",-1.994339
"Yield","2022-02-11 01:00:00",-1.994339
"Yield","2022-02-14 01:00:00",-2.13918
"Yield","2022-02-15 01:00:00",-2.119159
"Yield","2022-02-16 01:00:00",-2.077547
"Yield","2022-02-17 01:00:00",-2.114174
"Yield","2022-02-18 01:00:00",-2.187331
"Yield","2022-02-21 01:00:00",-2.235421
"Yield","2022-02-22 01:00:00",-2.390877
"Yield","2022-02-23 01:00:00",-2.272811
"Yield","2022-02-24 01:00:00",-2.601244
"Yield","2022-02-25 01:00:00",-2.613913
"Yield","2022-02-28 01:00:00",-2.585739
"Yield","2022-03-01 01:00:00",-2.823278
"Yield","2022-03-02 01:00:00",-3.124291
"Yield","2022-03-03 01:00:00",-3.085149
"Yield","2022-03-04 01:00:00",-3.109969
"Yield","2022-03-07 01:00:00",-3.483115
"Yield","2022-03-08 01:00:00",-3.428506
"Yield","2022-03-09 01:00:00",-3.326568
"Yield","2022-03-10 01:00:00",-3.120607
"Yield","2022-03-11 01:00:00",-2.957922
"Yield","2022-03-14 01:00:00",-2.919963
"Yield","2022-03-15 01:00:00",-2.774154
"Yield","2022-03-16 01:00:00",-2.722956
"Yield","2022-03-17 01:00:00",-2.63243
"Yield","2022-03-18 01:00:00",-2.788146
"Yield","2022-03-21 01:00:00",-2.749386
"Yield","2022-03-22 01:00:00",-2.770469
"Yield","2022-03-23 01:00:00",-2.857492
"Yield","2022-03-24 01:00:00",-2.944067
"Yield","2022-03-25 01:00:00",-2.941949
"Yield","2022-03-28 00:00:00",-2.831098
"Yield","2022-03-29 00:00:00",-2.794574
"Yield","2022-03-30 00:00:00",-2.843557
"Yield","2022-03-31 00:00:00",-2.819474
"Yield","2022-04-01 00:00:00",-2.810898
"Yield","2022-04-04 00:00:00",-2.906914
"Yield","2022-04-05 00:00:00",-2.981503
"Yield","2022-04-06 00:00:00",-2.972905
"Yield","2022-04-07 00:00:00",-2.974819
"Yield","2022-04-08 00:00:00",-2.947008
"Yield","2022-04-11 00:00:00",-2.886686
"Yield","2022-04-12 00:00:00",-2.839131
"Yield","2022-04-13 00:00:00",-2.924679
"Yield","2022-04-14 00:00:00",-2.922522
"Yield","2022-04-19 00:00:00",-2.982678
"Yield","2022-04-20 00:00:00",-3.027812
"Yield","2022-04-21 00:00:00",-2.921812
"Yield","2022-04-22 00:00:00",-2.791364
"Yield","2022-04-25 00:00:00",-2.751555
"Yield","2022-04-26 00:00:00",-2.784138
"Yield","2022-04-27 00:00:00",-2.816717
"Yield","2022-04-28 00:00:00",-2.800769
"Yield","2022-04-29 00:00:00",-2.809535
"Yield","2022-05-02 00:00:00",-2.890149
"Yield","2022-05-03 00:00:00",-2.800119
"Yield","2022-05-04 00:00:00",-2.797702
"Yield","2022-05-05 00:00:00",-2.78381
"Yield","2022-05-06 00:00:00",-2.642123
"Yield","2022-05-09 00:00:00",-2.547749
"Yield","2022-05-10 00:00:00",-2.428377
"Yield","2022-05-11 00:00:00",-2.36694
"Yield","2022-05-12 00:00:00",-2.4917
"Yield","2022-05-13 00:00:00",-2.457908
"Yield","2022-05-16 00:00:00",-2.506543
"Yield","2022-05-17 00:00:00",-2.562371
"Yield","2022-05-18 00:00:00",-2.453671
"Yield","2022-05-19 00:00:00",-2.356709
"Yield","2022-05-20 00:00:00",-2.345314
"Yield","2022-05-23 00:00:00",-2.32358
"Yield","2022-05-24 00:00:00",-2.270292
"Yield","2022-05-25 00:00:00",-2.260461
"Yield","2022-05-26 00:00:00",-2.205473
"Yield","2022-05-27 00:00:00",-2.163883
"Yield","2022-05-30 00:00:00",-2.176306
"Yield","2022-05-31 00:00:00",-2.203364
"Yield","2022-06-01 00:00:00",-2.123774
"Yield","2022-06-02 00:00:00",-2.072462
"Yield","2022-06-03 00:00:00",-2.032712
"Yield","2022-06-06 00:00:00",-2.012254
"Yield","2022-06-07 00:00:00",-2.051274
"Yield","2022-06-08 00:00:00",-2.094961
"Yield","2022-06-09 00:00:00",-2.099599
"Yield","2022-06-10 00:00:00",-2.014986
"Yield","2022-06-13 00:00:00",-1.728165
"Yield","2022-06-14 00:00:00",-1.524931
"Yield","2022-06-15 00:00:00",-1.407157
"Yield","2022-06-16 00:00:00",-1.319916
"Yield","2022-06-17 00:00:00",-1.381076
"Yield","2022-06-20 00:00:00",-1.309665
"Yield","2022-06-21 00:00:00",-1.273785
"Yield","2022-06-22 00:00:00",-1.346065
"Yield","2022-06-23 00:00:00",-1.566909
"Yield","2022-06-24 00:00:00",-1.535247
"Yield","2022-06-27 00:00:00",-1.603382
"Yield","2022-06-28 00:00:00",-1.550965
"Yield","2022-06-29 00:00:00",-1.483631
"Yield","2022-06-30 00:00:00",-1.604604
"Yield","2022-07-01 00:00:00",-1.6607
"Yield","2022-07-04 00:00:00",-1.697347
"Yield","2022-07-05 00:00:00",-1.964956
"Yield","2022-07-06 00:00:00",-2.004916
"Yield","2022-07-07 00:00:00",-1.871753
"Yield","2022-07-08 00:00:00",-1.9105
"Yield","2022-07-11 00:00:00",-1.89643
"Yield","2022-07-12 00:00:00",-2.071848
"Yield","2022-07-13 00:00:00",-2.017957
"Yield","2022-07-14 00:00:00",-1.862238
"Yield","2022-07-15 00:00:00",-2.02013
"Yield","2022-07-18 00:00:00",-1.894363
"Yield","2022-07-19 00:00:00",-1.820024
"Yield","2022-07-20 00:00:00",-1.791986
"Yield","2022-07-21 00:00:00",-1.630661
"Yield","2022-07-22 00:00:00",-1.808409
"Yield","2022-07-25 00:00:00",-1.806265
"Yield","2022-07-26 00:00:00",-2.011178
"Yield","2022-07-27 00:00:00",-2.170837
"Yield","2022-07-28 00:00:00",-2.190375
"Yield","2022-07-29 00:00:00",-2.330663
"Yield","2022-08-01 00:00:00",-2.382438
"Yield","2022-08-02 00:00:00",-2.509208
"Yield","2022-08-03 00:00:00",-2.3281
"Yield","2022-08-04 00:00:00",-2.263026
"Yield","2022-08-05 00:00:00",-2.372186
"Yield","2022-08-08 00:00:00",-2.409709
"Yield","2022-08-09 00:00:00",-2.413972
"Yield","2022-08-10 00:00:00",-2.440028
"Yield","2022-08-11 00:00:00",-2.387364
"Yield","2022-08-12 00:00:00",-2.431086
"Yield","2022-08-15 00:00:00",-2.395904
"Yield","2022-08-16 00:00:00",-2.409924
"Yield","2022-08-17 00:00:00",-2.350774
"Yield","2022-08-18 00:00:00",-2.34152
"Yield","2022-08-19 00:00:00",-2.351321
"Yield","2022-08-22 00:00:00",-2.438201
"Yield","2022-08-23 00:00:00",-2.38867
"Yield","2022-08-24 00:00:00",-2.215626
"Yield","2022-08-25 00:00:00",-2.257953
"Yield","2022-08-26 00:00:00",-2.141325
"Yield","2022-08-29 00:00:00",-1.956942
"Yield","2022-08-30 00:00:00",-1.940861
"Yield","2022-08-31 00:00:00",-1.81348
"Yield","2022-09-01 00:00:00",-1.56474
"Yield","2022-09-02 00:00:00",-1.409906
"Yield","2022-09-05 00:00:00",-1.453641
"Yield","2022-09-06 00:00:00",-1.447038
"Yield","2022-09-07 00:00:00",-1.388469
"Yield","2022-09-08 00:00:00",-1.368373
"Yield","2022-09-09 00:00:00",-1.245374
"Yield","2022-09-12 00:00:00",-1.19478
"Yield","2022-09-13 00:00:00",-1.222115
"Yield","2022-09-14 00:00:00",-1.228389
"Yield","2022-09-15 00:00:00",-1.265727
"Yield","2022-09-16 00:00:00",-1.20764
"Yield","2022-09-19 00:00:00",-1.209633
"Yield","2022-09-20 00:00:00",-1.192075
"Yield","2022-09-21 00:00:00",-1.333277
"Yield","2022-09-22 00:00:00",-1.153424
"Yield","2022-09-23 00:00:00",-1.006329
"Yield","2022-09-26 00:00:00",-0.829918
"Yield","2022-09-27 00:00:00",-0.735515
"Yield","2022-09-28 00:00:00",-0.607676
"Yield","2022-09-29 00:00:00",-0.628542
"Yield","2022-09-30 00:00:00",-0.570809
"Yield","2022-10-03 00:00:00",-0.561326
"Yield","2022-10-04 00:00:00",-0.835665
"Yield","2022-10-05 00:00:00",-0.787222
"Yield","2022-10-06 00:00:00",-0.797506
"Yield","2022-10-07 00:00:00",-0.671111
"Yield","2022-10-10 00:00:00",-0.705403
"Yield","2022-10-11 00:00:00",-0.562151
"Yield","2022-10-12 00:00:00",-0.659686
"Yield","2022-10-13 00:00:00",-0.683631
"Yield","2022-10-14 00:00:00",-0.658691
"Yield","2022-10-17 00:00:00",-0.612617
"Yield","2022-10-18 00:00:00",-0.490289
"Yield","2022-10-19 00:00:00",-0.307821
"Yield","2022-10-20 00:00:00",-0.192343
"Yield","2022-10-21 00:00:00",-0.21511
"Yield","2022-10-24 00:00:00",-0.394374
"Yield","2022-10-25 00:00:00",-0.485091
"Yield","2022-10-26 00:00:00",-0.508094
"Yield","2022-10-27 00:00:00",-0.475632
"Yield","2022-10-28 00:00:00",-0.840191
"Yield","2022-10-31 01:00:00",-0.797056
"Yield","2022-11-01 01:00:00",-0.850781
"Yield","2022-11-02 01:00:00",-0.801271
"Yield","2022-11-03 01:00:00",-0.73044
"Yield","2022-11-04 01:00:00",-0.716379
"Yield","2022-11-07 01:00:00",-0.796426
"Yield","2022-11-08 01:00:00",-0.757767
"Yield","2022-11-09 01:00:00",-0.752814
"Yield","2022-11-10 01:00:00",-0.681299
"Yield","2022-11-11 01:00:00",-0.757678
"Yield","2022-11-14 01:00:00",-0.725079
"Yield","2022-11-15 01:00:00",-0.61205
"Yield","2022-11-16 01:00:00",-0.621173
"Yield","2022-11-17 01:00:00",-0.63148
"Yield","2022-11-18 01:00:00",-0.516936
"Yield","2022-11-21 01:00:00",-0.563889
"Yield","2022-11-22 01:00:00",-0.518426
"Yield","2022-11-23 01:00:00",-0.562083
"Yield","2022-11-24 01:00:00",-0.583848
"Yield","2022-11-25 01:00:00",-0.51176
"Yield","2022-11-28 01:00:00",-0.463519
"Yield","2022-11-29 01:00:00",-0.521928
"Yield","2022-11-30 01:00:00",-0.481847
"Yield","2022-12-01 01:00:00",-0.700369
"Yield","2022-12-02 01:00:00",-0.878294
"Yield","2022-12-05 01:00:00",-0.77945
"Yield","2022-12-06 01:00:00",-0.722529
"Yield","2022-12-07 01:00:00",-0.708755
"Yield","2022-12-08 01:00:00",-0.722317
"Yield","2022-12-09 01:00:00",-0.661438
"Yield","2022-12-12 01:00:00",-0.546082
"Yield","2022-12-13 01:00:00",-0.502696
"Yield","2022-12-14 01:00:00",-0.473843
"Yield","2022-12-15 01:00:00",-0.425159
"Yield","2022-12-16 01:00:00",0.000617
"Yield","2022-12-19 01:00:00",0.033587
"Yield","2022-12-20 01:00:00",0.112102
"Yield","2022-12-21 01:00:00",0.133328
"Yield","2022-12-22 01:00:00",0.246278
"Yield","2022-12-23 01:00:00",0.27993
"Yield","2022-12-27 01:00:00",0.390889
"Yield","2022-12-28 01:00:00",0.295731
"Yield","2022-12-29 01:00:00",0.320865
"Yield","2022-12-30 01:00:00",0.330113
"Yield","2023-01-02 01:00:00",0.253412
"Yield","2023-01-03 01:00:00",0.115306
"Yield","2023-01-04 01:00:00",0.155203
"Yield","2023-01-05 01:00:00",0.254056
"Yield","2023-01-06 01:00:00",0.331465
"Yield","2023-01-09 01:00:00",0.325642
"Yield","2023-01-10 01:00:00",0.456751
"Yield","2023-01-11 01:00:00",0.475829
"Yield","2023-01-12 01:00:00",0.432879
"Yield","2023-01-13 01:00:00",0.211472
"Yield","2023-01-16 01:00:00",0.430304
"Yield","2023-01-17 01:00:00",0.436866
"Yield","2023-01-18 01:00:00",0.274219
"Yield","2023-01-19 01:00:00",0.340495
"Yield","2023-01-20 01:00:00",0.397069
"Yield","2023-01-23 01:00:00",0.397574
"Yield","2023-01-24 01:00:00",0.356851
"Yield","2023-01-25 01:00:00",0.306691
"Yield","2023-01-26 01:00:00",0.376698
"Yield","2023-01-27 01:00:00",0.373535
"Yield","2023-01-30 01:00:00",0.367669
"Yield","2023-01-31 01:00:00",0.386923
"Yield","2023-02-01 01:00:00",0.330092
"Yield","2023-02-02 01:00:00",0.324336
"Yield","2023-02-03 01:00:00",0.159826
"Yield","2023-02-06 01:00:00",0.197858
"Yield","2023-02-07 01:00:00",0.194776
"Yield","2023-02-08 01:00:00",0.188522
"Yield","2023-02-09 01:00:00",0.166533
"Yield","2023-02-10 01:00:00",0.210992
"Yield","2023-02-13 01:00:00",0.208
"Yield","2023-02-14 01:00:00",0.24317
"Yield","2023-02-15 01:00:00",0.236908
"Yield","2023-02-16 01:00:00",0.227663
"Yield","2023-02-17 01:00:00",0.291749
"Yield","2023-02-20 01:00:00",0.250335
"Yield","2023-02-21 01:00:00",0.266529
"Yield","2023-02-22 01:00:00",0.298859
"Yield","2023-02-23 01:00:00",0.202701
"Yield","2023-02-24 01:00:00",0.119222
"Yield","2023-02-27 01:00:00",0.186777
"Yield","2023-02-28 01:00:00",0.235241
"Yield","2023-03-01 01:00:00",0.257993
"Yield","2023-03-02 01:00:00",0.216282
"Yield","2023-03-03 01:00:00",0.080672
"Yield","2023-03-06 01:00:00",0.009779
"Yield","2023-03-07 01:00:00",0.310918
"Yield","2023-03-08 01:00:00",0.464892
"Yield","2023-03-09 01:00:00",0.432974
"Yield","2023-03-10 01:00:00",0.265921
"Yield","2023-03-13 01:00:00",0.005983
"Yield","2023-03-14 01:00:00",0.012378
"Yield","2023-03-15 01:00:00",-0.091235
"Yield","2023-03-16 01:00:00",-0.046382
"Yield","2023-03-17 01:00:00",0.044597
"Yield","2023-03-20 01:00:00",-0.02389
"Yield","2023-03-21 01:00:00",0.047713
"Yield","2023-03-22 01:00:00",0.067278
"Yield","2023-03-23 01:00:00",-0.030977
"Yield","2023-03-24 01:00:00",-0.319927
"Yield","2023-03-27 00:00:00",-0.122647
"Yield","2023-03-28 00:00:00",-0.018228
"Yield","2023-03-29 00:00:00",-0.119782
"Yield","2023-03-30 00:00:00",-0.028517
"Yield","2023-03-31 00:00:00",-0.012077
"Yield","2023-04-03 00:00:00",-0.07809
"Yield","2023-04-04 00:00:00",-0.114405
"Yield","2023-04-05 00:00:00",-0.108779
"Yield","2023-04-06 00:00:00",-0.250281
"Yield","2023-04-11 00:00:00",-0.109159
"Yield","2023-04-12 00:00:00",-0.023164
"Yield","2023-04-13 00:00:00",-0.006847
"Yield","2023-04-14 00:00:00",-0.066748
"Yield","2023-04-17 00:00:00",0.043077
"Yield","2023-04-18 00:00:00",0.059769
"Yield","2023-04-19 00:00:00",0.15379
"Yield","2023-04-20 00:00:00",0.143816
"Yield","2023-04-21 00:00:00",0.130326
"Yield","2023-04-24 00:00:00",0.143896
"Yield","2023-04-25 00:00:00",0.116889
"Yield","2023-04-26 00:00:00",0.005538
"Yield","2023-04-27 00:00:00",0.140741
"Yield","2023-04-28 00:00:00",0.164537
"Yield","2023-05-02 00:00:00",0.144221
"Yield","2023-05-03 00:00:00",0.130634
"Yield","2023-05-04 00:00:00",0.185425
"Yield","2023-05-05 00:00:00",0.137551
"Yield","2023-05-08 00:00:00",0.141044
"Yield","2023-05-09 00:00:00",0.151363
"Yield","2023-05-10 00:00:00",0.117125
"Yield","2023-05-11 00:00:00",0.121
"Yield","2023-05-12 00:00:00",0.134
"Yield","2023-05-15 00:00:00",0.159
"Yield","2023-05-16 00:00:00",0.166
"Yield","2023-05-17 00:00:00",0.204
"Yield","2023-05-18 00:00:00",0.253
"Yield","2023-05-19 00:00:00",0.284
"Yield","2023-05-22 00:00:00",0.284
"Yield","2023-05-23 00:00:00",0.337
"Yield","2023-05-24 00:00:00",0.302
"Yield","2023-05-25 00:00:00",0.278
"Yield","2023-05-26 00:00:00",0.348
"Yield","2023-05-29 00:00:00",0.356
"Yield","2023-05-30 00:00:00",0.377
"Yield","2023-05-31 00:00:00",0.367
"Yield","2023-06-01 00:00:00",0.403
"Yield","2023-06-02 00:00:00",0.442
"Yield","2023-06-05 00:00:00",0.478
"Yield","2023-06-06 00:00:00",0.468
"Yield","2023-06-07 00:00:00",0.525
"Yield","2023-06-08 00:00:00",0.573
"Yield","2023-06-09 00:00:00",0.598
"Yield","2023-06-12 00:00:00",0.628
"Yield","2023-06-13 00:00:00",0.647
"Yield","2023-06-14 00:00:00",0.705
"Yield","2023-06-15 00:00:00",0.729
"Yield","2023-06-16 00:00:00",0.696
"Yield","2023-06-19 00:00:00",0.715
"Yield","2023-06-20 00:00:00",0.705
"Yield","2023-06-21 00:00:00",0.676
"Yield","2023-06-22 00:00:00",0.74
"Yield","2023-06-23 00:00:00",0.715
"Yield","2023-06-26 00:00:00",0.654
"Yield","2023-06-27 00:00:00",0.658
"Yield","2023-06-28 00:00:00",0.728
"Yield","2023-06-29 00:00:00",0.811
"Yield","2023-06-30 00:00:00",0.852
"Yield","2023-07-03 00:00:00",0.939
"Yield","2023-07-04 00:00:00",0.917
"Yield","2023-07-05 00:00:00",0.885
"Yield","2023-07-06 00:00:00",0.943
"Yield","2023-07-07 00:00:00",0.992
"Yield","2023-07-10 00:00:00",0.978
"Yield","2023-07-11 00:00:00",0.968
"Yield","2023-07-12 00:00:00",1.003
"Yield","2023-07-13 00:00:00",0.877
"Yield","2023-07-14 00:00:00",0.926
"Yield","2023-07-17 00:00:00",0.958
"Yield","2023-07-18 00:00:00",0.895
"Yield","2023-07-19 00:00:00",0.839
"Yield","2023-07-20 00:00:00",0.919
"Yield","2023-07-21 00:00:00",0.909
"Yield","2023-07-24 00:00:00",0.812
"Yield","2023-07-25 00:00:00",0.783
"Yield","2023-07-26 00:00:00",0.738
"Yield","2023-07-27 00:00:00",0.748
"Yield","2023-07-28 00:00:00",0.676
"Yield","2023-07-31 00:00:00",0.653
"Yield","2023-08-01 00:00:00",0.598
"Yield","2023-08-02 00:00:00",0.568
"Yield","2023-08-03 00:00:00",0.665
"Yield","2023-08-04 00:00:00",0.65
"Yield","2023-08-07 00:00:00",0.575
"Yield","2023-08-08 00:00:00",0.564
"Yield","2023-08-09 00:00:00",0.549
"Yield","2023-08-10 00:00:00",0.6
"Yield","2023-08-11 00:00:00",0.6
"Yield","2023-08-14 00:00:00",0.616
"Yield","2023-08-15 00:00:00",0.678
"Yield","2023-08-16 00:00:00",0.69
"Yield","2023-08-17 00:00:00",0.712
"Yield","2023-08-18 00:00:00",0.669
"Yield","2023-08-21 00:00:00",0.674
"Yield","2023-08-22 00:00:00",0.671
"Yield","2023-08-23 00:00:00",0.594
"Yield","2023-08-24 00:00:00",0.669
"Yield","2023-08-25 00:00:00",0.677
"Yield","2023-08-28 00:00:00",0.748
"Yield","2023-08-29 00:00:00",0.706
"Yield","2023-08-30 00:00:00",0.715
"Yield","2023-08-31 00:00:00",0.638
"Yield","2023-09-01 00:00:00",0.642
"Yield","2023-09-04 00:00:00",0.616
"Yield","2023-09-05 00:00:00",0.618
"Yield","2023-09-06 00:00:00",0.582
"Yield","2023-09-07 00:00:00",0.646
"Yield","2023-09-08 00:00:00",0.615
"Yield","2023-09-11 00:00:00",0.568
"Yield","2023-09-12 00:00:00",0.589
"Yield","2023-09-13 00:00:00",0.620818
"Yield","2023-09-14 00:00:00",0.634
"Yield","2023-09-15 00:00:00",0.615
"Yield","2023-09-18 00:00:00",0.647
"Yield","2023-09-19 00:00:00",0.676
"Yield","2023-09-20 00:00:00",0.724
"Yield","2023-09-21 00:00:00",0.771
"Yield","2023-09-22 00:00:00",0.702
"Yield","2023-09-25 00:00:00",0.68
"Yield","2023-09-26 00:00:00",0.737
"Yield","2023-09-27 00:00:00",0.729
"Yield","2023-09-28 00:00:00",0.764
"Yield","2023-09-29 00:00:00",0.838
"Yield","2023-10-02 00:00:00",0.861
"Yield","2023-10-03 00:00:00",0.875
"Yield","2023-10-04 00:00:00",0.884
"Yield","2023-10-05 00:00:00",0.953
"Yield","2023-10-06 00:00:00",0.924
"Yield","2023-10-09 00:00:00",0.835
"Yield","2023-10-10 00:00:00",0.75
"Yield","2023-10-11 00:00:00",0.727
"Yield","2023-10-12 00:00:00",0.848
"Yield","2023-10-13 00:00:00",0.844
"Yield","2023-10-16 00:00:00",0.774
"Yield","2023-10-17 00:00:00",0.788
"Yield","2023-10-18 00:00:00",0.781
"Yield","2023-10-19 00:00:00",0.804
"Yield","2023-10-20 00:00:00",0.725
"Yield","2023-10-23 00:00:00",0.739
"Yield","2023-10-24 00:00:00",0.752
"Yield","2023-10-25 00:00:00",0.819
"Yield","2023-10-26 00:00:00",0.822
"Yield","2023-10-27 00:00:00",0.793
"Yield","2023-10-30 01:00:00",0.865
"Yield","2023-10-31 01:00:00",0.849
"Yield","2023-11-01 01:00:00",0.905
"Yield","2023-11-02 01:00:00",0.886
"Yield","2023-11-03 01:00:00",0.924
"Yield","2023-11-06 01:00:00",0.926
"Yield","2023-11-07 01:00:00",1.004
"Yield","2023-11-08 01:00:00",1.013
"Yield","2023-11-09 01:00:00",1.055
"Yield","2023-11-10 01:00:00",1.085
"Yield","2023-11-13 01:00:00",1.048
"Yield","2023-11-14 01:00:00",1.058
"Yield","2023-11-15 01:00:00",1.029
"Yield","2023-11-16 01:00:00",1.114
"Yield","2023-11-17 01:00:00",1.092
"Yield","2023-11-20 01:00:00",1.095
"Yield","2023-11-21 01:00:00",1.143
"Yield","2023-11-22 01:00:00",1.106
"Yield","2023-11-23 01:00:00",1.092
"Yield","2023-11-24 01:00:00",1.122
"Yield","2023-11-27 01:00:00",1.177
"Yield","2023-11-28 01:00:00",1.108
"Yield","2023-11-29 01:00:00",1.083
"Yield","2023-11-30 01:00:00",1.091
"Yield","2023-12-01 01:00:00",1.012
"Yield","2023-12-04 01:00:00",1.045
"Yield","2023-12-05 01:00:00",1.015
"Yield","2023-12-06 01:00:00",1.017
"Yield","2023-12-07 01:00:00",1.037
"Yield","2023-12-08 01:00:00",1.011
"Yield","2023-12-11 01:00:00",1.044
"Yield","2023-12-12 01:00:00",1.032
"Yield","2023-12-13 01:00:00",1.144
"Yield","2023-12-14 01:00:00",0.877
"Yield","2023-12-15 01:00:00",0.894
"Yield","2023-12-18 01:00:00",0.918
"Yield","2023-12-19 01:00:00",0.915
"Yield","2023-12-20 01:00:00",0.849
"Yield","2023-12-21 01:00:00",0.809
"Yield","2023-12-22 01:00:00",0.814
"Yield","2023-12-27 01:00:00",0.802
"Yield","2023-12-28 01:00:00",0.792
"Yield","2023-12-29 01:00:00",0.814
"Yield","2024-01-02 01:00:00",0.816
"Yield","2024-01-03 01:00:00",0.9432
"Yield","2024-01-04 01:00:00",0.969
"Yield","2024-01-05 01:00:00",1.0281
"Yield","2024-01-08 01:00:00",0.9802
"Yield","2024-01-09 01:00:00",0.963
"Yield","2024-01-10 01:00:00",0.9869
"Yield","2024-01-11 01:00:00",1.0223
"Yield","2024-01-12 01:00:00",0.8849
"Yield","2024-01-15 01:00:00",0.8273
"Yield","2024-01-16 01:00:00",0.8603
"Yield","2024-01-17 01:00:00",0.9209
"Yield","2024-01-18 01:00:00",0.9285
"Yield","2024-01-19 01:00:00",0.8871
"Yield","2024-01-22 01:00:00",0.8936
"Yield","2024-01-23 01:00:00",0.8992
"Yield","2024-01-24 01:00:00",0.9048
"Yield","2024-01-25 01:00:00",0.9404
"Yield","2024-01-26 01:00:00",0.8196
"Yield","2024-01-29 01:00:00",0.7796
"Yield","2024-01-30 01:00:00",0.7897
"Yield","2024-01-31 01:00:00",0.7999
"Yield","2024-02-01 01:00:00",0.7838
"Yield","2024-02-02 01:00:00",0.8025
"Yield","2024-02-05 01:00:00",0.8841
"Yield","2024-02-06 01:00:00",0.8662
"Yield","2024-02-07 01:00:00",0.8578
"Yield","2024-02-08 01:00:00",0.8701
"Yield","2024-02-09 01:00:00",0.9032
"Yield","2024-02-12 01:00:00",0.9384
"Yield","2024-02-13 01:00:00",0.9585
"Yield","2024-02-14 01:00:00",0.9929
"Yield","2024-02-15 01:00:00",1.0107
"Yield","2024-02-16 01:00:00",1.0634
"Yield","2024-02-19 01:00:00",1.0851
"Yield","2024-02-20 01:00:00",1.1056
"Yield","2024-02-21 01:00:00",1.1359
"Yield","2024-02-22 01:00:00",1.169
"Yield","2024-02-23 01:00:00",1.2613
"Yield","2024-02-26 01:00:00",1.1961
"Yield","2024-02-27 01:00:00",1.1975
"Yield","2024-02-28 01:00:00",1.194
"Yield","2024-02-29 01:00:00",1.1493
"Yield","2024-03-01 01:00:00",1.0955
"Yield","2024-03-04 01:00:00",1.0834
"Yield","2024-03-05 01:00:00",1.1092
"Yield","2024-03-06 01:00:00",1.1007
"Yield","2024-03-07 01:00:00",1.0653
"Yield","2024-03-08 01:00:00",0.9768
"Yield","2024-03-11 01:00:00",0.9495
"Yield","2024-03-12 01:00:00",0.9802
"Yield","2024-03-13 01:00:00",1.011
"Yield","2024-03-14 01:00:00",0.97
"Yield","2024-03-15 01:00:00",1.0245
"Yield","2024-03-18 01:00:00",1.0469
"Yield","2024-03-19 01:00:00",0.9834
"Yield","2024-03-20 01:00:00",0.9597
"Yield","2024-03-21 01:00:00",0.9132
"Yield","2024-03-22 01:00:00",0.8713
"Yield","2024-03-25 01:00:00",0.8404
"Yield","2024-03-26 01:00:00",0.8164
"Yield","2024-03-27 01:00:00",0.7861
"Yield","2024-03-28 01:00:00",0.7961
"Yield","2024-04-02 00:00:00",0.7255
"Yield","2024-04-03 00:00:00",0.7535
"Yield","2024-04-04 00:00:00",0.7815
"Yield","2024-04-05 00:00:00",0.7663
"Yield","2024-04-08 00:00:00",0.8037
"Yield","2024-04-09 00:00:00",0.8657
"Yield","2024-04-10 00:00:00",0.8413
"Yield","2024-04-11 00:00:00",0.8904
"Yield","2024-04-12 00:00:00",0.8238
"Yield","2024-04-15 00:00:00",0.7797
"Yield","2024-04-16 00:00:00",0.7396
"Yield","2024-04-17 00:00:00",0.7405
"Yield","2024-04-18 00:00:00",0.8495
"Yield","2024-04-19 00:00:00",0.836
"Yield","2024-04-22 00:00:00",0.9315
"Yield","2024-04-23 00:00:00",0.8962
"Yield","2024-04-24 00:00:00",0.9078
"Yield","2024-04-25 00:00:00",0.9425
"Yield","2024-04-26 00:00:00",1.0054
"Yield","2024-04-29 00:00:00",1.0408
"Yield","2024-04-30 00:00:00",1.0198
"Yield","2024-05-02 00:00:00",1.1098
"Yield","2024-05-03 00:00:00",1.0939
"Yield","2024-05-06 00:00:00",1.0621
"Yield","2024-05-07 00:00:00",1.0662
"Yield","2024-05-08 00:00:00",1.1209
"Yield","2024-05-09 00:00:00",1.1307
"Yield","2024-05-10 00:00:00",1.1092
"Yield","2024-05-13 00:00:00",1.1713
"Yield","2024-05-14 00:00:00",1.1405
"Yield","2024-05-15 00:00:00",1.1852
"Yield","2024-05-16 00:00:00",1.1845
"Yield","2024-05-17 00:00:00",1.217
"Yield","2024-05-20 00:00:00",1.2475
"Yield","2024-05-21 00:00:00",1.2601
"Yield","2024-05-22 00:00:00",1.2618
"Yield","2024-05-23 00:00:00",1.3274
"Yield","2024-05-24 00:00:00",1.3769
"Yield","2024-05-27 00:00:00",1.4028
"Yield","2024-05-28 00:00:00",1.3715
"Yield","2024-05-29 00:00:00",1.3623
"Yield","2024-05-30 00:00:00",1.4068
"Yield","2024-05-31 00:00:00",1.4514
"Yield","2024-06-03 00:00:00",1.4666
"Yield","2024-06-04 00:00:00",1.463
"Yield","2024-06-05 00:00:00",1.4875
"Yield","2024-06-06 00:00:00",1.4824
"Yield","2024-06-07 00:00:00",1.5106
"Yield","2024-06-10 00:00:00",1.5262
"Yield","2024-06-11 00:00:00",1.5
"Yield","2024-06-12 00:00:00",1.4964
"Yield","2024-06-13 00:00:00",1.4913
"Yield","2024-06-14 00:00:00",1.3719
"Yield","2024-06-17 00:00:00",1.3871
"Yield","2024-06-18 00:00:00",1.3833
"Yield","2024-06-19 00:00:00",1.351
"Yield","2024-06-20 00:00:00",1.4026
"Yield","2024-06-21 00:00:00",1.3395
"Yield","2024-06-24 00:00:00",1.4009
"Yield","2024-06-25 00:00:00",1.4202
"Yield","2024-06-26 00:00:00",1.4627
"Yield","2024-06-27 00:00:00",1.5155
"Yield","2024-06-28 00:00:00",1.4573
"Yield","2024-07-01 00:00:00",1.5374
"Yield","2024-07-02 00:00:00",1.5279
"Yield","2024-07-03 00:00:00",1.536
"Yield","2024-07-04 00:00:00",1.5368
"Yield","2024-07-05 00:00:00",1.5133
"Yield","2024-07-08 00:00:00",1.5236
"Yield","2024-07-09 00:00:00",1.5317
"Yield","2024-07-10 00:00:00",1.5754
"Yield","2024-07-11 00:00:00",1.5526
"Yield","2024-07-12 00:00:00",1.4754
"Yield","2024-07-15 00:00:00",1.4738
"Yield","2024-07-16 00:00:00",1.47
"Yield","2024-07-17 00:00:00",1.4423
"Yield","2024-07-18 00:00:00",1.4787
"Yield","2024-07-19 00:00:00",1.4307
"Yield","2024-07-22 00:00:00",1.5373
"Yield","2024-07-23 00:00:00",1.5336
"Yield","2024-07-24 00:00:00",1.5177
"Yield","2024-07-25 00:00:00",1.4821
"Yield","2024-07-26 00:00:00",1.5367
"Yield","2024-07-29 00:00:00",1.5353
"Yield","2024-07-30 00:00:00",1.5804
"Yield","2024-07-31 00:00:00",1.5705
"Yield","2024-08-01 00:00:00",1.5162
"Yield","2024-08-02 00:00:00",1.5062
"Yield","2024-08-05 00:00:00",1.4285
"Yield","2024-08-06 00:00:00",1.48
"Yield","2024-08-07 00:00:00",1.4761
"Yield","2024-08-08 00:00:00",1.3899
"Yield","2024-08-09 00:00:00",1.4169
"Yield","2024-08-12 00:00:00",1.3942
"Yield","2024-08-13 00:00:00",1.3093
"Yield","2024-08-14 00:00:00",1.3487
"Yield","2024-08-15 00:00:00",1.3486
"Yield","2024-08-16 00:00:00",1.4009
"Yield","2024-08-19 00:00:00",1.3905
"Yield","2024-08-20 00:00:00",1.4524
"Yield","2024-08-21 00:00:00",1.4137
"Yield","2024-08-22 00:00:00",1.4013
"Yield","2024-08-23 00:00:00",1.3655
"Yield","2024-08-26 00:00:00",1.2788
"Yield","2024-08-27 00:00:00",1.2872
"Yield","2024-08-28 00:00:00",1.3656
"Yield","2024-08-29 00:00:00",1.3208
"Yield","2024-08-30 00:00:00",1.3485
"Yield","2024-09-02 00:00:00",1.4085
"Yield","2024-09-03 00:00:00",1.4301
"Yield","2024-09-04 00:00:00",1.4517
"Yield","2024-09-05 00:00:00",1.4328
"Yield","2024-09-06 00:00:00",1.3961
"Yield","2024-09-09 00:00:00",1.3853
"Yield","2024-09-10 00:00:00",1.368
"Yield","2024-09-11 00:00:00",1.3702
"Yield","2024-09-12 00:00:00",1.3638
"Yield","2024-09-13 00:00:00",1.3463
"Yield","2024-09-16 00:00:00",1.3156
"Yield","2024-09-17 00:00:00",1.2652
"Yield","2024-09-18 00:00:00",1.287
"Yield","2024-09-19 00:00:00",1.2403
"Yield","2024-09-20 00:00:00",1.2092
"Yield","2024-09-23 00:00:00",1.1979
"Yield","2024-09-24 00:00:00",1.1336
"Yield","2024-09-25 00:00:00",1.1022
"Yield","2024-09-26 00:00:00",1.1209
"Yield","2024-09-27 00:00:00",1.1963
"Yield","2024-09-30 00:00:00",1.205
"Yield","2024-10-01 00:00:00",1.2003
"Yield","2024-10-02 00:00:00",1.0678
"Yield","2024-10-03 00:00:00",1.0461
"Yield","2024-10-04 00:00:00",0.9534
"Yield","2024-10-07 00:00:00",1.0631
"Yield","2024-10-08 00:00:00",1.0377
"Yield","2024-10-09 00:00:00",1.087
"Yield","2024-10-10 00:00:00",1.1061
"Yield","2024-10-11 00:00:00",1.06
"Yield","2024-10-14 00:00:00",1.0481
"Yield","2024-10-15 00:00:00",1.1254
"Yield","2024-10-16 00:00:00",1.148
"Yield","2024-10-17 00:00:00",1.1885
"Yield","2024-10-18 00:00:00",1.121
"Yield","2024-10-21 00:00:00",1.1299
"Yield","2024-10-22 00:00:00",1.1667
"Yield","2024-10-23 00:00:00",1.0849
"Yield","2024-10-24 00:00:00",1.0695
"Yield","2024-10-25 00:00:00",1.1486
"Yield","2024-10-28 01:00:00",1.2034
"Yield","2024-10-29 01:00:00",1.1985
"Yield","2024-10-30 01:00:00",1.2183
"Yield","2024-10-31 01:00:00",1.2247
"Yield","2024-11-01 01:00:00",1.1412
"Yield","2024-11-04 01:00:00",1.1075
"Yield","2024-11-05 01:00:00",1.0952
"Yield","2024-11-06 01:00:00",1.0184
"Yield","2024-11-07 01:00:00",0.9735
"Yield","2024-11-08 01:00:00",0.9967
"Yield","2024-11-11 01:00:00",0.9625
"Yield","2024-11-12 01:00:00",0.9461
"Yield","2024-11-13 01:00:00",0.9586
"Yield","2024-11-14 01:00:00",0.92
"Yield","2024-11-15 01:00:00",0.8925
"Yield","2024-11-18 01:00:00",0.8868
"Yield","2024-11-19 01:00:00",0.8008
"Yield","2024-11-20 01:00:00",0.8168
"Yield","2024-11-21 01:00:00",0.7843
"Yield","2024-11-22 01:00:00",0.6389
"Yield","2024-11-25 01:00:00",0.6987
"Yield","2024-11-26 01:00:00",0.7073
"Yield","2024-11-27 01:00:00",0.7381
"Yield","2024-11-28 01:00:00",0.727
"Yield","2024-11-29 01:00:00",0.7097
"Yield","2024-12-02 01:00:00",0.6476
"Yield","2024-12-03 01:00:00",0.6785
"Yield","2024-12-04 01:00:00",0.6872
"Yield","2024-12-05 01:00:00",0.6832
"Yield","2024-12-06 01:00:00",0.7751
"Yield","2024-12-09 01:00:00",0.7462
"Yield","2024-12-10 01:00:00",0.7399
"Yield","2024-12-11 01:00:00",0.7184
"Yield","2024-12-12 01:00:00",0.7375
"Yield","2024-12-13 01:00:00",0.7772
"Yield","2024-12-16 01:00:00",0.8093
"Yield","2024-12-17 01:00:00",0.8262
"Yield","2024-12-18 01:00:00",0.8355
"Yield","2024-12-19 01:00:00",0.8557
"Yield","2024-12-20 01:00:00",0.8884
"Yield","2024-12-23 01:00:00",0.9249
"Yield","2024-12-27 01:00:00",0.9161
"Yield","2024-12-30 01:00:00",0.8957
"Yield","2025-01-02 01:00:00",0.8785
"Yield","2025-01-03 01:00:00",0.8722
"Yield","2025-01-06 01:00:00",0.8417
"Yield","2025-01-07 01:00:00",0.8352
"Yield","2025-01-08 01:00:00",0.7723
"Yield","2025-01-09 01:00:00",0.8011
"Yield","2025-01-10 01:00:00",0.7863
"Yield","2025-01-13 01:00:00",0.7552
"Yield","2025-01-14 01:00:00",0.7485
"Yield","2025-01-15 01:00:00",0.7745
"Yield","2025-01-16 01:00:00",0.7049
"Yield","2025-01-17 01:00:00",0.6815
"Yield","2025-01-20 01:00:00",0.6746
"Yield","2025-01-21 01:00:00",0.6924
"Yield","2025-01-22 01:00:00",0.7103
"Yield","2025-01-23 01:00:00",0.6978
"Yield","2025-01-24 01:00:00",0.6322
"Yield","2025-01-27 01:00:00",0.6166
"Yield","2025-01-28 01:00:00",0.6094
"Yield","2025-01-29 01:00:00",0.6105
"Yield","2025-01-30 01:00:00",0.5548
"Yield","2025-01-31 01:00:00",0.5134
"Yield","2025-02-03 01:00:00",0.455
"Yield","2025-02-04 01:00:00",0.5409
"Yield","2025-02-05 01:00:00",0.5248
"Yield","2025-02-06 01:00:00",0.5794
"Yield","2025-02-07 01:00:00",0.5633
"Yield","2025-02-10 01:00:00",0.5298
"Yield","2025-02-11 01:00:00",0.5222
"Yield","2025-02-12 01:00:00",0.5926
"Yield","2025-02-13 01:00:00",0.6925
"Yield","2025-02-14 01:00:00",0.7291
"Yield","2025-02-17 01:00:00",0.7394
"Yield","2025-02-18 01:00:00",0.7586
"Yield","2025-02-19 01:00:00",0.7159
"Yield","2025-02-20 01:00:00",0.7829
"Yield","2025-02-21 01:00:00",0.7845
"Yield","2025-02-24 01:00:00",0.7862
"Yield","2025-02-25 01:00:00",0.7698
"Yield","2025-02-26 01:00:00",0.8256
"Yield","2025-02-27 01:00:00",0.7764
"Yield","2025-02-28 01:00:00",0.7235
"Yield","2025-03-03 01:00:00",0.6613
"Yield","2025-03-04 01:00:00",0.6626
"Yield","2025-03-05 01:00:00",0.6274
"Yield","2025-03-06 01:00:00",0.6038
"Yield","2025-03-07 01:00:00",0.5036
"Yield","2025-03-10 01:00:00",0.7825
"Yield","2025-03-11 01:00:00",0.7376
"Yield","2025-03-12 01:00:00",0.7206
"Yield","2025-03-13 01:00:00",0.7066
"Yield","2025-03-14 01:00:00",0.6987
"Yield","2025-03-17 01:00:00",0.7002
"Yield","2025-03-18 01:00:00",0.6639
"Yield","2025-03-19 01:00:00",0.7223
"Yield","2025-03-20 01:00:00",0.6411
"Yield","2025-03-21 01:00:00",0.566
"Yield","2025-03-24 01:00:00",0.5289
"Yield","2025-03-25 01:00:00",0.5109
"Yield","2025-03-26 01:00:00",0.4639
"Yield","2025-03-27 01:00:00",0.399
"Yield","2025-03-28 01:00:00",0.4483