Období;1. Úvěry rezidentům (bez CP) - Celkem;2. Úvěry rezidentům (bez CP) - MFI;3. Úvěry rezidentům (bez CP) - Vládní instituce;4. Úvěry rezidentům (bez CP) - Ostatní rezidenti;5. Držba cenných papírů jiných než akcií emitovaných rezidenty - Celkem;6. Držba cenných papírů jiných než akcií emitovaných rezidenty - MFI;7. Držba cenných papírů jiných než akcií emitovaných rezidenty -  Vládní instituce;8. Držba cenných papírů jiných než akcií emitovaných rezidenty -  Ostatní rezidenti;9. Držba akcií a jiných majetkových účastí emitovaných rezidenty - Celkem;10. Držba akcií a jiných majetkových účastí emitovaných rezidenty - MFI;11. Držba akcií a jiných majetkových účastí emitovaných rezidenty - Ostatní rezidenti;12. Zahraniční  aktiva;13. Stálá aktiva;14. Ostatní aktiva;15. Celkem;
2024-09-30;2326.7;500.7;0;1826.1;0;0;0;0;0;0;0;3439100.4;11605.5;50187.3;3503219.9;
2024-08-31;1834;10;0;1824;0;0;0;0;0;0;0;3413562.4;11576.7;49663.2;3476636.4;
2024-07-31;2560.1;740;0;1820.1;0;0;0;0;0;0;0;3477037.5;11561.7;50914.1;3542073.6;
2024-06-30;1823.8;0;0;1823.8;2566.8;0;2566.8;0;0;0;0;3391867.1;11524.8;51495.7;3459278.3;
2024-05-31;1816.9;0;0;1816.9;2555.8;0;2555.8;0;0;0;0;3334076.4;11523.2;50803.8;3400776.2;
2024-04-30;1809.6;0;0;1809.6;2560.6;0;2560.6;0;0;0;0;3393103.7;11529.9;52639.4;3461643.2;
2024-03-31;1815.5;0;0;1815.5;2578.4;0;2578.4;0;0;0;0;3452503.3;11496.8;52469.2;3520863.2;
2024-02-29;1812.9;0;0;1812.9;2577.6;0;2577.6;0;0;0;0;3384949.6;11487.7;50545.6;3451373.4;
2024-01-31;1788.3;0;0;1788.3;2564.5;0;2564.5;0;0;0;0;3309242.4;11464;48435.9;3373495.2;
2023-12-31;1792.9;0;0;1792.9;2540.6;0;2540.6;0;0;0;0;3284408.4;11462.5;47169.9;3347374.4;
2023-11-30;1800.1;0;0;1800.1;2501.3;0;2501.3;0;0;0;0;3131285.2;11388.1;56427.9;3203402.6;
2023-10-31;5406.2;3608.5;0;1797.7;2499.2;0;2499.2;0;0;0;0;3117288.3;11409.4;47856;3184459.1;
2023-09-30;4294.9;2500;0;1794.9;2464.2;0;2464.2;0;0;0;0;3144692.5;11374.8;47323.4;3210149.8;
2023-08-31;1796.6;0;0;1796.6;2473.8;0;2473.8;0;0;0;0;3089727.8;11353.3;46090.5;3151442.1;
2023-07-31;1784.8;0;0;1784.8;2474;0;2474;0;0;0;0;3075038.4;11340.3;45216;3135853.5;
2023-06-30;1787.4;0;0;1787.4;2441.2;0;2441.2;0;0;0;0;3055070.1;11324.2;45447.3;3116070.1;
2023-05-31;1781.5;0;0;1781.5;2425.9;0;2425.9;0;0;0;0;2987512.6;11336.3;54650.8;3057707.1;
2023-04-30;1781.9;0;0;1781.9;2433.6;0;2433.6;0;0;0;0;2956045.7;11313.5;45560.7;3017135.3;
2023-03-31;1786.1;10;0;1776.1;2420.9;0;2420.9;0;0;0;0;3015657.2;11311.8;44838.4;3076014.4;
2023-02-28;1776.8;0;0;1776.8;2385.7;0;2385.7;0;0;0;0;2957705.1;11443.5;45537.3;3018848.5;
2023-01-31;5983.2;4200;0;1783.2;2393.8;0;2393.8;0;0;0;0;3100526.4;11422.9;45384.6;3165710.9;
2022-12-31;1784.4;0;0;1784.4;2363.5;0;2363.5;0;0;0;0;3133692.8;11419.9;45902.4;3195162.9;
2022-11-30;1783.1;0;0;1783.1;2373.7;0;2373.7;0;0;0;0;3180440.7;11347.3;47243.2;3243188;
2022-10-31;1786.6;0;0;1786.6;2290;0;2290;0;0;0;0;3221266.7;11330.2;47939.6;3284613.1;
2022-09-30;1777.4;0;0;1777.4;2328.5;0;2328.5;0;0;0;0;3302734.2;11342.3;49626.1;3367808.4;
2022-08-31;1767;0;0;1767;2339.9;0;2339.9;0;0;0;0;3433244.2;11366.3;52623.1;3501340.5;
2022-07-31;1769.7;0;0;1769.7;2357;0;2357;0;0;0;0;3557956.2;11356.8;49629.7;3623069.5;
2022-06-30;1918;150;0;1768;2303.5;0;2303.5;0;0;0;0;3646759.3;11354;48175.7;3710510.5;
2022-05-31;4354.9;2600;0;1754.9;2343.2;0;2343.2;0;0;0;0;3828065;11266.1;51374.4;3897403.7;
2022-04-30;1752.6;0;0;1752.6;2367.5;0;2367.5;0;0;0;0;3910389.4;11281.6;55641.9;3981433.1;
2022-03-31;1745;0;0;1745;2404.5;0;2404.5;0;0;0;0;3779177.2;11270.6;44422.1;3839019.4;
2022-02-28;1747.7;10;0;1737.7;0;0;0;0;0;0;0;3878301.7;11216.3;49150.9;3940416.7;
2022-01-31;1737.7;0;0;1737.7;0;0;0;0;0;0;0;3770031.4;11178.3;47127.6;3830075.1;
2021-12-31;1731.1;0;0;1731.1;0;0;0;0;0;0;0;3775345.4;11181.7;45464.3;3833722.5;
2021-11-30;1722.3;0;0;1722.3;0;0;0;0;0;0;0;3790972.8;11199.1;46880.2;3850774.4;
2021-10-31;8540.3;6821;0;1719.3;0;0;0;0;0;0;0;3776530.5;11243.1;45870.9;3842184.7;
2021-09-30;2716.7;1000;0;1716.7;0;0;0;0;0;0;0;3688278.4;11250.4;48884.2;3751129.7;
2021-08-31;1690.1;0;0;1690.1;0;0;0;0;0;0;0;3657094;11248.9;45262.7;3715295.7;
2021-07-31;1668.7;0;0;1668.7;0;0;0;0;0;0;0;3562963.2;11233;44589.8;3620454.6;
2021-06-30;24673.1;23000;0;1673.1;0;0;0;0;0;0;0;3545776.1;11180.9;45432.9;3627063;
2021-05-31;24687.9;23000;0;1687.9;0;0;0;0;0;0;0;3505915.1;11191.3;43513.9;3585308.2;
2021-04-30;24678.1;23000;0;1678.1;0;0;0;0;0;0;0;3554805;11185.4;45156.7;3635825.1;
2021-03-31;1660.4;0;0;1660.4;0;0;0;0;0;0;0;3609909.6;11138.8;50874.2;3673583;
2021-02-28;1645.5;0;0;1645.5;0;0;0;0;0;0;0;3545611.5;11084.2;49192.5;3607533.7;
2021-01-31;1647.1;10;0;1637.1;0;0;0;0;0;0;0;3490616.6;11138.3;47020.4;3550422.2;
2020-12-31;1622;0;0;1622;0;0;0;0;0;0;0;3519580.4;11203.3;45674.2;3578079.9;
2020-11-30;1622.3;0;0;1622.3;0;0;0;0;0;0;0;3519189.2;11180.6;46692.7;3578684.9;
2020-10-31;1622.7;0;0;1622.7;0;0;0;0;0;0;0;3627060.2;11211;49055.6;3688949.5;
2020-09-30;1613.5;0;0;1613.5;0;0;0;0;0;0;0;3634110.7;11202.3;37847.3;3684773.7;
2020-08-31;1601.3;0;0;1601.3;0;0;0;0;0;0;0;3485533.6;11160.5;35854;3534149.5;
2020-07-31;1594.8;0;0;1594.8;0;0;0;0;0;0;0;3468761.1;11116.5;37011.1;3518483.5;
2020-06-30;1598.2;0;0;1598.2;0;0;0;0;0;0;0;3591303.6;11222.6;38796.7;3642921;
2020-05-31;1600.6;0;0;1600.6;0;0;0;0;0;0;0;3625484;11215.9;27086.2;3665386.6;
2020-04-30;1594.7;0;0;1594.7;0;0;0;0;0;0;0;3649187.7;11210.1;27850.2;3689842.7;
2020-03-31;1616.7;20;0;1596.7;0;0;0;0;0;0;0;3609734.1;11209.2;26790.2;3649350.2;
2020-02-29;1588.8;0.1;0;1588.7;0;0;0;0;0;0;0;3390477.2;11182.7;13314;3416562.6;
2020-01-31;1588.1;0.1;0;1588;0;0;0;0;0;0;0;3375359.1;11179.2;12762.6;3400889;
2019-12-31;1588.7;0.1;0;1588.6;0;0;0;0;0;0;0;3386070.2;11144.2;13550.1;3412353.2;
2019-11-30;1583.1;10.1;0;1573;0;0;0;0;0;0;0;3400656.9;11078.2;16584;3429902.2;
2019-10-31;1567.3;0.1;0;1567.2;0;0;0;0;0;0;0;3374896.4;11041.8;9525.4;3397030.9;
2019-09-30;1567.2;0.1;0;1567;0;0;0;0;0;0;0;3417490.1;11044.3;2329;3432430.6;
2019-08-31;1562.6;0.1;0;1562.5;0;0;0;0;0;0;0;3407223.1;11037.1;3518.3;3423341.1;
2019-07-31;1562.5;0.1;0;1562.3;0;0;0;0;0;0;0;3344718.4;11014.6;1431.4;3358726.8;
2019-06-30;1565.2;0.1;0;1565.1;0;0;0;0;0;0;0;3293833.9;10996.5;6723.6;3313119.2;
2019-05-31;1565.1;0.1;0;1565;0;0;0;0;0;0;0;3316988.4;10982.7;4036.4;3333572.5;
2019-04-30;1559.4;0.1;0;1559.2;0;0;0;0;0;0;0;3286233.7;10977.1;4767.7;3303537.9;
2019-03-31;1554.6;0.1;0;1554.5;0;0;0;0;0;0;0;3290379.6;10982.9;3415.5;3306332.7;
2019-02-28;1540.9;0.1;0;1540.8;0;0;0;0;0;0;0;3223472.4;10982.1;9151.5;3245147;
2019-01-31;1543.6;0.1;0;1543.5;0;0;0;0;0;0;0;3235039.9;10979;5371.6;3252934.2;
2018-12-31;1544.1;0.1;0;1544;0;0;0;0;0;0;0;3207512;10846.9;2066.2;3221969.2;
2018-11-30;1553.4;10.1;0;1543.3;0;0;0;0;0;0;0;3235475.9;10743.5;6205.9;3253978.6;
2018-10-31;2446.8;0.1;0;2446.6;0;0;0;0;0;0;0;3228609.1;10727.3;8768.6;3250551.7;
2018-09-30;2445.5;0.1;0;2445.4;0;0;0;0;0;0;0;3171750.4;10719.2;5129.9;3190045;
2018-08-31;2540.4;10.1;0;2530.2;0;0;0;0;0;0;0;3199006;10714.1;2687.8;3214948.3;
2018-07-31;2526.9;0.1;0;2526.7;0;0;0;0;0;0;0;3167197.7;10714.7;3875.4;3184314.7;
2018-06-30;2526.4;0.1;0;2526.2;0;0;0;0;0;0;0;3225005.8;10715.6;3168.9;3241416.7;
2018-05-31;2522.7;10.1;0;2512.6;0;0;0;0;0;0;0;3201551.2;10717.4;3229.8;3218021.2;
2018-04-30;2508.4;0.1;0;2508.2;0;0;0;0;0;0;0;3124653.2;10700.5;5085.3;3142947.4;
2018-03-31;2512;10.1;0;2501.9;0;0;0;0;0;0;0;3096817.4;10692.2;3365.3;3113386.9;
2018-02-28;2495.1;0.1;0;2495;0;0;0;0;0;0;0;3138079.5;10717;2859.4;3154151;
2018-01-31;2494.4;0.1;0;2494.2;0;0;0;0;0;0;0;3094403.8;10727.4;2435.4;3110061;
2017-12-31;2494.7;0.1;0;2494.5;0;0;0;0;0;0;0;3156578.3;10727.7;4730.1;3174530.8;
2017-11-30;2493.8;0.1;0;2493.6;0;0;0;0;0;0;0;3138383.8;10689.1;4169.3;3155736;
2017-10-31;2494.4;0.1;0;2494.2;0;0;0;0;0;0;0;3190498.6;10703.5;4331.8;3208028.3;
2017-09-30;2493.5;0.1;0;2493.4;0;0;0;0;0;0;0;3233870.5;10675.3;7203;3254242.3;
2017-08-31;2489.9;0.2;0;2489.8;0;0;0;0;0;0;0;3246310.5;10680;4437.2;3263917.7;
2017-07-31;2495.5;0.2;0;2495.3;0;0;0;0;0;0;0;3247819.9;10644.3;10253.3;3271213;
2017-06-30;2498.1;0.2;0;2498;0;0;0;0;0;0;0;3272785.6;10675;8692.1;3294650.9;
2017-05-31;2501.8;0.2;0;2501.7;0;0;0;0;0;0;0;3281973.2;10830.2;7725.6;3303030.8;
2017-04-30;2492.6;0.2;0;2492.4;0;0;0;0;0;0;0;3360302.5;10831.3;8803.3;3382429.6;
2017-03-31;2484.3;0.2;0;2484.2;0;0;0;0;0;0;0;3329454;10828;2860.5;3345626.8;
2017-02-28;2479.3;0.2;0;2479.1;0;0;0;0;0;0;0;2859440.5;10885.6;2064.5;2874869.8;
2017-01-31;2480;0.2;0;2479.9;0;0;0;0;0;0;0;2615979.6;10879.2;2245.4;2631584.2;
2016-12-31;2482.4;0.2;0;2482.3;0;0;0;0;0;0;0;2209394.4;10876.9;2044.3;2224798;
2016-11-30;2481.1;0.2;0;2480.9;0;0;0;0;0;0;0;2185038.8;10870;1687.8;2200077.8;
2016-10-31;2488;0.2;0;2487.8;0;0;0;0;0;0;0;2132093.1;10872.8;1153.9;2146607.8;
2016-09-30;2488.7;0.2;0;2488.5;0;0;0;0;0;0;0;1992576.5;10864.2;1240.8;2007170.3;
2016-08-31;2639.5;150.2;0;2489.3;0;0;0;0;0;0;0;1915525.7;10863.1;1149.2;1930177.4;
2016-07-31;2488.7;0.2;0;2488.6;0;0;0;0;0;0;0;1858174.5;10867.5;1110.5;1872641.3;
2016-06-30;2487.8;0.2;0;2487.7;0;0;0;0;0;0;0;1843302.1;10859.9;1231.4;1857881.2;
2016-05-31;2492.6;0.2;0;2492.4;0;0;0;0;0;0;0;1829589.1;10841;1335.9;1844258.5;
2016-04-30;2491.4;0.2;0;2491.2;0;0;0;0;0;0;0;1781330.7;10842.1;3501.9;1798166;
2016-03-31;2490;0.2;0;2489.9;0;0;0;0;0;0;0;1748517.5;10839.7;2856.1;1764703.4;
2016-02-29;2490.2;0;0;2490.2;0;0;0;0;0;0;0;1755207.6;10863.8;889;1769450.5;
2016-01-31;2491;0;0;2491;0;0;0;0;0;0;0;1688211.5;10852.9;2709.3;1704264.8;
2015-12-31;2521.7;0;0;2521.7;0;0;0;0;0;0;0;1608023.1;10847.2;1129.8;1622521.9;
2015-11-30;2516.2;0;0;2516.2;0;0;0;0;0;0;0;1597750.5;10828.3;835.3;1611930.4;
2015-10-31;2772;0;0;2772;0;0;0;0;0;0;0;1551186.4;10830.6;787.4;1565576.3;
2015-09-30;2770.9;0;0;2770.9;0;0;0;0;0;0;0;1535101.5;10821.2;749.3;1549443;
2015-08-31;2771.5;0;0;2771.5;0;0;0;0;0;0;0;1483441.6;10820.1;1155.5;1498188.7;
2015-07-31;2771.9;0;0;2771.8;0;0;0;0;0;0;0;1395864.8;10813.2;2142.8;1411592.7;
2015-06-30;2755.9;0;0;2755.9;0;0;0;0;0;0;0;1394397.9;10814.8;2375.2;1410343.8;
2015-05-31;2956.1;10;0;2946;0;0;0;0;0;0;0;1367071.1;10816.6;1183.1;1382026.9;
2015-04-30;2947.2;0;0;2947.2;0;0;0;0;0;0;0;1343867;10816.2;2499;1360129.4;
2015-03-31;2964.1;0;0;2964.1;0;0;0;0;0;0;0;1349424.2;10829.4;810.7;1364028.5;
2015-02-28;2966.4;0;0;2966.4;0;0;0;0;0;0;0;1320911.7;10828.2;771.6;1335478;
2015-01-31;2970;0;0;2970;0;0;0;0;0;0;0;1303045.1;10834.7;1179.1;1318029;
2014-12-31;2967.4;0;0;2967.4;0;0;0;0;0;0;0;1250840.4;10825.2;848.6;1265481.5;
2014-11-30;2965.8;0;0;2965.7;0;0;0;0;0;0;0;1218962.4;10790.5;903.7;1233622.4;
2014-10-31;2964.5;0;0;2964.5;0;0;0;0;0;0;0;1218222.8;10783.9;842;1232813.3;
2014-09-30;2969.1;0;0;2969.1;0;0;0;0;0;0;0;1203928.5;10785.6;990.5;1218673.8;
2014-08-31;2967.3;0;0;2967.3;0;0;0;0;0;0;0;1204921;10799.4;945;1219632.6;
2014-07-31;2978.5;10;0;2968.5;0;0;0;0;0;0;0;1189187.4;10801.5;910.3;1203877.6;
2014-06-30;2969.2;0;0;2969.2;0;0;0;0;0;0;0;1193375.7;10797.5;1084.3;1208226.8;
2014-05-31;2970;0;0;2970;0;0;0;0;0;0;0;1177303.4;10782.1;1178.8;1192234.3;
2014-04-30;2970.3;0;0;2970.3;0;0;0;0;0;0;0;1163550.6;10783.1;1177.8;1178481.8;
2014-03-31;2972.7;0;0;2972.7;0;0;0;0;0;0;0;1149285.6;10786.8;1043.9;1164089;
2014-02-28;2970.8;0;0;2970.8;0;0;0;0;0;0;0;1138031.7;10803.2;1231.6;1153037.4;
2014-01-31;2968.2;0;0;2968.2;0;0;0;0;0;0;0;1145895.4;10811;938.2;1160612.8;
2013-12-31;2971.9;0;0;2971.9;0;0;0;0;0;0;0;1123480;10803.7;2220.5;1139476.1;
2013-11-30;2966.5;0;0;2966.5;0;0;0;0;0;0;0;1124165.6;10813.9;1544.2;1139490.3;
2013-10-31;2965.7;0;0;2965.7;0;0;0;0;0;0;0;899349.1;10831.5;1414.9;914561.2;
2013-09-30;2965.9;0;0;2965.9;0;0;0;0;0;0;0;880787.9;10844;1718.7;896316.5;
2013-08-31;3209.4;0;0;3209.3;0;0;0;0;0;0;0;879662.7;10862.9;1522.1;895257;
2013-07-31;3234.5;20;0;3214.5;0;0;0;0;0;0;0;884302.9;10859.8;1362.9;899760.1;
2013-06-30;3217.3;0;0;3217.3;0;0;0;0;0;0;0;875425.9;10858.4;1222.7;890724.3;
2013-05-31;3219.3;0;0;3219.3;0;0;0;0;0;0;0;869082.5;10863.8;1810.2;884975.8;
2013-04-30;3220.8;0;0;3220.8;0;0;0;0;0;0;0;895893.1;10863.3;1438.5;911415.8;
2013-03-31;3220.9;0;0;3220.9;0;0;0;0;0;0;0;901655.4;10869.1;918;916663.5;
2013-02-28;3223;0;0;3222.9;0;0;0;0;0;0;0;894549.9;10883.2;2109;910765.1;
2013-01-31;4229.5;0;791.3;3438.2;0;0;0;0;0;0;0;878076.1;11000.8;1211.2;894517.6;
2012-12-31;3433.3;0;0;3433.2;0;0;0;0;0;0;0;864395.7;10900.5;949.6;879679.1;
2012-11-30;3425.5;0;0;3425.5;0;0;0;0;0;0;0;872962.2;10861.6;1294.9;888544.2;
2012-10-31;3429.5;0;0;3429.5;0;0;0;0;0;0;0;856855;10861;1155.2;872300.8;
2012-09-30;3431.3;0;0;3431.3;0;0;0;0;0;0;0;791306.2;10850.7;1420.5;807008.7;
2012-08-31;3433.2;0;0;3433.2;0;0;0;0;0;0;0;797928;10887.2;1226.4;813474.8;
2012-07-31;3440.8;0;0;3440.8;0;0;0;0;0;0;0;814833.2;10886.4;958.5;830118.9;
2012-06-30;3440.4;0;0;3440.4;0;0;0;0;0;0;0;818408;10886.3;1019.9;833754.6;
2012-05-31;3439.5;0;0;3439.5;0;0;0;0;0;0;0;820724.7;10871.8;3295.5;838331.6;
2012-04-30;3440.9;0;0;3440.9;0;0;0;0;0;0;0;825506;10872.3;3619;843438.1;
2012-03-31;3441.1;0;0;3441.1;0;0;0;0;0;0;0;805595.2;10893.2;3466.3;823395.8;
2012-02-29;3445.1;0;0;3445.1;0;0;0;0;0;0;0;803341.5;10914.5;3734.9;821436;
2012-01-31;5448.5;2000;0;3448.5;0;0;0;0;0;0;0;786273.2;11001.1;3957.1;806679.9;
2011-12-31;6949.8;3500;0;3449.8;0;0;0;0;0;0;0;811231.8;11001.6;3283.8;832467;
2011-11-30;3599.2;0;0.1;3599.1;0;0;0;0;0;0;0;786161;10985.3;3429.9;804175.4;
2011-10-31;3598.7;0;0.1;3598.6;0;0;0;0;0;0;0;768455.8;10974.3;3340.3;786369.1;
2011-09-30;3600.2;0;0.1;3600.1;0;0;0;0;0;0;0;765087;10971.4;3482.7;783141.3;
2011-08-31;3604.5;0;0.1;3604.4;0;0;0;0;0;0;0;727649.7;10997.3;3938.2;746189.7;
2011-07-31;3605.7;0;0;3605.7;0;0;0;0;0;0;0;735504.1;11021;3239.6;753370.3;
2011-06-30;3603.7;0;0;3603.7;0;0;0;0;0;0;0;731682;11030.9;3420;749736.7;
2011-05-31;3604.6;0;0;3604.6;0;0;0;0;0;0;0;741735.3;11088.4;4054.2;760482.4;
2011-04-30;3601.7;0;0;3601.7;0;0;0;0;0;0;0;719980.6;11088.6;6602;741272.9;
2011-03-31;3599.1;0;0;3599.1;0;0;0;0;0;0;0;735896.3;11059.1;7006.4;757560.8;
2011-02-28;3600.9;0;0;3600.9;0;0;0;0;0;0;0;750858.8;11092;4964.8;770516.4;
2011-01-31;4598.6;1000;0;3598.6;0;0;0;0;0;0;0;736393.5;11101.1;4184.6;756277.9;
2010-12-31;5097.1;1500;0;3597.1;0;0;0;0;0;0;0;805574;11116;3233.4;825020.5;
2010-11-30;5594.7;2000;0;3594.7;0;0;0;0;0;0;0;800996.3;11067.1;3173.8;820831.9;
2010-10-31;8540.9;0;0;8540.9;0;0;0;0;0;0;0;789138.4;11040;5215.3;813934.7;
2010-09-30;12093.5;3550;0;8543.5;0;0;0;0;0;0;0;797051;11036;5944.7;826125.2;
2010-08-31;8993.9;450;0;8543.9;0;0;0;0;0;0;0;775179;11039.7;4184.8;799397.3;
2010-07-31;8991.8;450;0;8541.8;0;0;0;0;0;0;0;757326.6;11019.7;6162.4;783500.5;
2010-06-30;8530.4;0;0;8530.4;0;0;0;0;0;0;0;794274.7;11029.4;4640;818474.5;
2010-05-31;8527.8;0;0;8527.8;0;0;0;0;0;0;0;790111.5;11025;4256.1;813920.3;
2010-04-30;8524.1;0;0;8524.1;0;0;0;0;0;0;0;761832.1;11004.9;4105.2;785466.3;
2010-03-31;8775.2;250;0;8525.2;0;0;0;0;0;0;0;755957.3;10999.6;4025.5;779757.6;
2010-02-28;8519.3;0;0;8519.3;0;0;0;0;0;0;0;776382;11000.7;3740.8;799642.8;
2010-01-31;8515.8;0;0;8515.8;0;0;0;0;0;0;0;780077.4;11007;3503.9;803104.1;
2009-12-31;8519.6;0;0;8519.6;0;0;0;0;0;0;0;772094.5;11006.4;4297.3;795917.7;
2009-11-30;8517.5;0;0;8517.5;0;0;0;0;0;0;0;745626.4;11038.3;4474.1;769656.3;
2009-10-31;8513.9;0;0;8513.9;0;0;0;0;0;0;0;743438.8;11038.5;4824.4;767815.6;
2009-09-30;8508.1;0;0;8508.1;0;0;0;0;0;0;0;709885.1;11046.9;4254.6;733694.7;
2009-08-31;8509.1;0;0;8509.1;0;0;0;0;0;0;0;718861.7;11113.7;4051.9;742536.4;
2009-07-31;8510.6;0;0;8510.6;0;0;0;0;0;0;0;709622.9;11182.5;5086.3;734402.3;
2009-06-30;8510.9;0;0;8510.9;0;0;0;0;0;0;0;708120.8;11229.7;5271.5;733132.8;
2009-05-31;8518.7;13.9;0;8504.8;0;0;0;0;0;0;0;737428.9;11275.8;5924.9;763148.2;
2009-04-30;10108.8;13.9;1458.1;8636.7;0;0;0;0;0;0;0;749958;11285.3;5085.1;776437.2;
2009-03-31;14312.5;5663.8;0;8648.8;0;0;0;0;0;0;0;763534.8;11277.8;4967.9;794093;
2009-02-28;10477.4;1828.9;0;8648.6;0;0;0;0;0;0;0;800747.8;11297.6;3986.9;826509.8;
2009-01-31;13033.1;4383;0;8650.2;0;0;0;0;0;0;0;768183.3;11310.9;4220;796747.4;
2008-12-31;46681.6;38035.9;0;8645.7;0;0;0;0;0;0;0;721371.9;11292.5;4884.5;784230.5;
2008-11-30;18372.6;9727.1;0;8645.5;0;0;0;0;0;0;0;692853;11250.9;4960.6;727437.1;
2008-10-31;23727.1;15080.8;0;8646.3;0;0;0;0;0;0;0;668871;11250.8;5498.7;709347.6;
2008-09-30;8658.6;13.9;0;8644.7;0;0;0;0;0;0;0;672372.1;11250.2;4398.6;696679.5;
2008-08-31;8655.7;13.9;0;8641.8;0;0;0;0;0;0;0;678904.2;11249.6;5080.1;703889.7;
2008-07-31;8692.9;13.9;0;8679;0;0;0;0;0;0;0;641514.1;11265.9;8707;670179.8;
2008-06-30;12641;3962.3;0;8678.6;0;0;0;0;0;0;0;634249.7;11264.5;11258.2;669413.4;
2008-05-31;9253.4;573.9;0;8679.5;0;0;0;0;0;0;0;670526;11275.6;8474.6;699529.5;
2008-04-30;8894.7;213.9;0;8680.8;0;0;0;0;0;0;0;675229.9;11228.8;5459.7;700813.1;
2008-03-31;8693.3;13.9;0;8679.4;0;0;0;0;0;0;0;694991;11227.1;5059.7;719971;
2008-02-29;8694.5;13.9;0;8680.6;0;0;0;0;0;0;0;707235.2;11249.8;5724.2;732903.8;
2008-01-31;8704.1;22.3;0;8681.8;0;0;0;0;0;0;0;731517.1;11344;5508.1;757073.3;
2007-12-31;8707.4;22.4;0;8684.9;0;0;0;0;0;0;0;730641.6;11343.4;6651.1;757343.5;
2007-11-30;10909;2231.9;0;8677;0;0;0;0;0;0;0;731319.4;11329.3;5797.4;759355;
2007-10-31;8725.3;47.6;0;8677.8;0;0;0;0;0;0;0;736194.9;11328.6;7053.9;763302.8;
2007-09-30;12587.5;3909.2;0;8678.3;0;0;0;0;0;0;0;724949.2;11322.1;7460.1;756319;
2007-08-31;8700.5;22.8;0;8677.7;0;0;0;0;0;0;0;774811.7;11302.8;7648;802463;
2007-07-31;8712.7;31.9;0;8680.8;0;0;0;0;0;0;0;756099.2;11396.7;9122.7;785331.3;
2007-06-30;8713.8;32.3;0;8681.5;0;0;0;0;0;0;0;764313.4;11393.3;11068.9;795489.3;
2007-05-31;8715.5;32.1;0;8683.4;0;0;0;0;0;0;0;739680.1;11705.4;11667.5;771768.5;
2007-04-30;12914.7;4231.9;0;8682.7;0;0;0;0;0;0;0;739589.9;11696.2;8475.8;772676.6;
2007-03-31;8713.1;31.9;0;8681.2;0;0;0;0;0;0;0;757029.3;11692.5;7984.2;785419.1;
2007-02-28;9416.3;732.8;0;8683.5;0;0;0;0;0;0;0;745331.1;11709.9;7346.6;773803.9;
2007-01-31;8991.2;309;0;8682.2;0;0;0;0;0;0;0;738107.6;11710.4;5891.6;764700.9;
2006-12-31;8720.7;40.4;0;8680.4;0;0;0;0;0;0;0;740633.1;11709.6;8801.6;769865;
2006-11-30;22760.4;40.8;0;22719.6;0;0;0;0;0;0;0;705262.7;11741.3;7031.2;746795.6;
2006-10-31;25771.7;41.1;0;25730.6;0;0;0;0;0;0;0;723841.7;11760.2;6674.9;768048.6;
2006-09-30;29078.7;3350;0;25728.7;0;0;0;0;0;0;0;768385.2;11734.9;6628.4;815827.1;
2006-08-31;25785;41.1;1;25742.9;0;0;0;0;0;0;0;744788.9;11733.7;8760.6;791068.2;
2006-07-31;29146.6;3039.4;365.2;25742.1;0;0;0;0;0;0;0;746164.5;11734;12002.2;799047.3;
2006-06-30;27617.7;50.5;1822.6;25744.7;0;0;0;0;0;0;0;770730.4;11749.6;14675.7;824773.5;
2006-05-31;29040;1400.1;1860.6;25779.2;0;0;0;0;0;0;0;766076.8;11686.9;21009.9;827813.6;
2006-04-30;29753.5;50.4;3910.1;25793;0;0;0;0;0;0;0;778170.6;11864.1;13124.7;832912.9;
2006-03-31;29756.6;50.6;3910.1;25795.9;0;0;0;0;0;0;0;783869.2;11855.4;11981.9;837463.1;
2006-02-28;29938.5;50.3;4052.4;25835.9;0;0;0;0;0;0;0;774459.7;11952.9;9977.5;826328.6;
2006-01-31;29949.1;59.5;4052.4;25837.2;0;0;0;0;0;0;0;783462.5;11954.1;10070.8;835436.6;
2005-12-31;58952.9;29060.4;4053.8;25838.7;0;0;0;0;0;0;0;811713.4;11937.6;7679;890283;
2005-11-30;43766.6;294.3;12485.9;30986.4;0;0;0;0;0;0;0;761017;11796.4;9589.7;826169.7;
2005-10-31;44687.6;1211.4;12486.1;30990.1;0;0;0;0;0;0;0;774842.8;11751;15767.2;847048.5;
2005-09-30;43571.6;61.3;12522;30988.3;0;0;0;0;0;0;0;789446.6;11774.3;10971.4;855763.9;
2005-08-31;44310.1;781.3;12492.2;31036.6;0;0;0;0;0;0;0;762367.1;11789.4;9855.6;828322.2;
2005-07-31;43597.7;71.9;12487.3;31038.5;0;0;0;0;0;0;0;787161.6;11755.7;13028.3;855543.2;
2005-06-30;43790.9;71.7;12674;31045.2;0;0;0;0;0;0;0;783970.2;11744.2;8660.6;848166;
2005-05-31;44150.6;72.4;12949.8;31128.4;0;0;0;0;0;0;0;711751.4;11770.2;8056.2;775728.4;
2005-04-30;44155.8;72.6;12949.8;31133.3;0;0;0;0;0;0;0;713974.8;11763.4;7301.5;777195.5;
2005-03-31;44219.4;71.6;13011;31136.8;0;0;0;0;0;0;0;661361.1;11763.7;11089;728433.2;
2005-02-28;44224.9;71.2;12967.6;31186.1;0;0;0;0;0;0;0;651320;11760.1;9292.5;716597.5;
2005-01-31;44238.7;81.6;12967.6;31189.5;0;0;0;0;0;0;0;663243;11773.3;6495.4;725750.3;
2004-12-31;44453.9;82.3;13179.9;31191.6;0;0;0;0;0;0;0;657603;11754.9;6342.2;720154;
2004-11-30;45365.9;83.5;13421.8;31860.6;0;0;0;0;0;0;0;660717.2;11757.1;7691.9;725532;
2004-10-31;45865.6;84.7;13921.8;31859.1;0;0;0;0;0;0;0;684836.3;11752.6;7175.7;749630.3;
2004-09-30;45937.8;85;13993.4;31859.5;0;0;0;0;0;0;0;680487;11743.3;9727.2;747895.3;
2004-08-31;45973;85.5;13950.5;31937;0;0;0;0;0;0;0;694276.9;11778.1;8286.9;760314.9;
2004-07-31;46003.3;95.3;13950.5;31957.5;0;0;0;0;0;0;0;697699.7;11773.8;8535.2;764011.9;
2004-06-30;46296.1;95.4;14221.4;31979.3;0;0;0;0;0;0;0;694615.5;11771.6;6948.8;759632;
2004-05-31;46659.1;95.1;14495.5;32068.5;0;0;0;0;0;0;0;687859.1;11797.5;7962.8;754278.5;
2004-04-30;46663.1;97.4;14495.5;32070.2;0;0;0;0;0;0;0;718263.8;11776.2;8037.7;784740.9;
2004-03-31;46924;778.2;14544.4;31601.4;0;0;0;0;0;0;0;721249.4;11787.8;7121.3;787082.5;
2004-02-29;46438.7;97.2;14508.4;31833.2;0;0;0;0;0;0;0;699222.7;11781.4;11374.8;768817.7;
2004-01-31;46448.2;110.1;9470.1;36868;0;0;0;0;0;0;0;713001;11777.3;8941.1;780167.5;
2003-12-31;46675.8;107.5;9675.3;36893;0;0;0;0;0;0;0;690601.9;11769.6;10235.6;759282.9;
2003-11-30;47402.2;106.4;9985.3;37310.5;0;0;0;0;0;0;0;693249.3;11649.4;7308.4;759609.4;
2003-10-31;47371.8;106.4;9950.5;37314.9;0;0;0;0;0;0;0;702592.4;11635.4;5067.8;766667.5;
2003-09-30;47424;105.9;10006.7;37311.5;0;0;0;0;0;0;0;700884.1;11631.2;5595;765534.3;
2003-08-31;47628.9;107.6;9950.5;37570.8;0;0;0;0;0;0;0;732294;11631.8;4842.9;796397.5;
2003-07-31;47644.3;117.3;9950.5;37576.5;0;0;0;0;0;0;0;719087;11738.9;6113.6;784583.8;
2003-06-30;47933.7;115.2;10162.3;37656.2;0;0;0;0;0;0;0;712799.2;11715.8;6407.6;778856.2;
2003-05-31;48553.4;214.4;10425.8;37913.2;0;0;0;0;0;0;0;700636.8;11729.3;7272;768191.5;
2003-04-30;48468.8;114.8;10425.8;37928.2;0;0;0;0;0;0;0;706271.6;11721.5;7802.1;774264;
2003-03-31;48546.8;116.4;10493.6;37936.8;0;0;0;0;0;0;0;724035.6;11729.4;7745.3;792057;
2003-02-28;48720.7;115.9;10425.8;38178.9;0;0;0;0;0;0;0;728402.4;11729.8;8609.7;797462.6;
2003-01-31;48820.8;125.2;10425.8;38269.8;0;0;0;0;0;0;0;712740.6;11722.1;10926.4;784210;
2002-12-31;49335.2;125.4;10688.6;38521.1;0;0;0;0;0;0;0;720325.2;11723.1;7013.6;788397.1;
2002-11-30;49972.7;122.8;10951.6;38898.3;0;0;0;0;0;0;0;704864.8;11634.3;7897.6;774369.5;
2002-10-31;49972.1;122.6;10951.6;38897.9;0;0;0;0;0;0;0;700400;11644;7982.2;769998.3;
2002-09-30;51075.6;121.9;11052;39901.7;0;0;0;0;19717.5;19717.5;0;691647.5;11634.6;7553.8;781629;
